sha256,tamano_bytes,n_copias,principal,ruta,copiado_al_material_piloto
9a067c2f139c790b3eb85860549a7f37385b3a85fa4a0b2f89ab01de84b093c3,73,6,PRINCIPAL,Analisis agosto/analisis_piloto/datos_piloto_extra/emb_piloto_t1.rds,02_datos_procesados/datos_piloto_extra/emb_piloto_t1.rds
9a067c2f139c790b3eb85860549a7f37385b3a85fa4a0b2f89ab01de84b093c3,73,6,COPIA,Analisis agosto/analisis_piloto/datos_piloto_extra/emb_piloto_t2.rds,02_datos_procesados/datos_piloto_extra/emb_piloto_t2.rds
9a067c2f139c790b3eb85860549a7f37385b3a85fa4a0b2f89ab01de84b093c3,73,6,COPIA,Analisis agosto/analisis_piloto/datos_piloto_extra/emb_piloto_t3.rds,02_datos_procesados/datos_piloto_extra/emb_piloto_t3.rds
9a067c2f139c790b3eb85860549a7f37385b3a85fa4a0b2f89ab01de84b093c3,73,6,COPIA,Analisis agosto/para_articulos/analisis_piloto/datos_piloto_extra/emb_piloto_t1.rds,NO_COPIADO
9a067c2f139c790b3eb85860549a7f37385b3a85fa4a0b2f89ab01de84b093c3,73,6,COPIA,Analisis agosto/para_articulos/analisis_piloto/datos_piloto_extra/emb_piloto_t2.rds,NO_COPIADO
9a067c2f139c790b3eb85860549a7f37385b3a85fa4a0b2f89ab01de84b093c3,73,6,COPIA,Analisis agosto/para_articulos/analisis_piloto/datos_piloto_extra/emb_piloto_t3.rds,NO_COPIADO
d6539371266c6e1559494066a801e875b6257a9bc57092ec6e319d53b2aed9f7,597,5,COPIA,Analisis agosto/articulo_1/resultados/tablas/cambios_prototipos.csv,NO_COPIADO
d6539371266c6e1559494066a801e875b6257a9bc57092ec6e319d53b2aed9f7,597,5,COPIA,Analisis agosto/para_articulos/resultados/deepseek/03_cambios_prototipos.csv,NO_COPIADO
d6539371266c6e1559494066a801e875b6257a9bc57092ec6e319d53b2aed9f7,597,5,COPIA,Analisis agosto/para_articulos/resultados/tablas/cambios_prototipos.csv,NO_COPIADO
d6539371266c6e1559494066a801e875b6257a9bc57092ec6e319d53b2aed9f7,597,5,COPIA,Analisis agosto/resultados/deepseek/03_cambios_prototipos.csv,NO_COPIADO
d6539371266c6e1559494066a801e875b6257a9bc57092ec6e319d53b2aed9f7,597,5,PRINCIPAL,Analisis agosto/resultados/tablas/cambios_prototipos.csv,NO_COPIADO
8820226561c30c59e49f5cc4f9b5532cfe79356a463efb42d3c91347f49abf1c,128,5,COPIA,Analisis agosto/articulo_1/resultados/tablas/distancia_euclidiana.csv,NO_COPIADO
8820226561c30c59e49f5cc4f9b5532cfe79356a463efb42d3c91347f49abf1c,128,5,COPIA,Analisis agosto/para_articulos/resultados/deepseek/04_distancia_euclidiana.csv,NO_COPIADO
8820226561c30c59e49f5cc4f9b5532cfe79356a463efb42d3c91347f49abf1c,128,5,COPIA,Analisis agosto/para_articulos/resultados/tablas/distancia_euclidiana.csv,NO_COPIADO
8820226561c30c59e49f5cc4f9b5532cfe79356a463efb42d3c91347f49abf1c,128,5,COPIA,Analisis agosto/resultados/deepseek/04_distancia_euclidiana.csv,NO_COPIADO
8820226561c30c59e49f5cc4f9b5532cfe79356a463efb42d3c91347f49abf1c,128,5,PRINCIPAL,Analisis agosto/resultados/tablas/distancia_euclidiana.csv,NO_COPIADO
2aecc90632f4516375db2e8174327ac4f468c4baee9c089b818c454250965da6,11905,5,COPIA,Analisis agosto/articulo_1/resultados/tablas/todas_tablas.xlsx,NO_COPIADO
2aecc90632f4516375db2e8174327ac4f468c4baee9c089b818c454250965da6,11905,5,COPIA,Analisis agosto/para_articulos/resultados/deepseek/01_todas_tablas.xlsx,NO_COPIADO
2aecc90632f4516375db2e8174327ac4f468c4baee9c089b818c454250965da6,11905,5,COPIA,Analisis agosto/para_articulos/resultados/tablas/todas_tablas.xlsx,NO_COPIADO
2aecc90632f4516375db2e8174327ac4f468c4baee9c089b818c454250965da6,11905,5,COPIA,Analisis agosto/resultados/deepseek/01_todas_tablas.xlsx,NO_COPIADO
2aecc90632f4516375db2e8174327ac4f468c4baee9c089b818c454250965da6,11905,5,PRINCIPAL,Analisis agosto/resultados/tablas/todas_tablas.xlsx,NO_COPIADO
acedba0731dd05019218726113357a91e281edea7f995802b082aeaa0b298b10,23,4,PRINCIPAL,Analisis agosto/analisis_piloto/tablas/piloto_modelos_excluidos.csv,03_resultados/tablas_piloto/piloto_modelos_excluidos.csv
acedba0731dd05019218726113357a91e281edea7f995802b082aeaa0b298b10,23,4,COPIA,Analisis agosto/analisis_piloto/tablas/principal_modelos_excluidos.csv,03_resultados/tablas_comparativas/principal_modelos_excluidos.csv
acedba0731dd05019218726113357a91e281edea7f995802b082aeaa0b298b10,23,4,COPIA,Analisis agosto/para_articulos/analisis_piloto/tablas/piloto_modelos_excluidos.csv,NO_COPIADO
acedba0731dd05019218726113357a91e281edea7f995802b082aeaa0b298b10,23,4,COPIA,Analisis agosto/para_articulos/analisis_piloto/tablas/principal_modelos_excluidos.csv,NO_COPIADO
56d631f0b957407fec71e998c618781116fe92ca1211d6d896621c3814881c85,20462,3,COPIA,Analisis agosto/articulo_1/auditoria_archivos_generados.csv,NO_COPIADO
56d631f0b957407fec71e998c618781116fe92ca1211d6d896621c3814881c85,20462,3,PRINCIPAL,Analisis agosto/auditoria_archivos_generados.csv,NO_COPIADO
56d631f0b957407fec71e998c618781116fe92ca1211d6d896621c3814881c85,20462,3,COPIA,Analisis agosto/para_articulos/auditoria_archivos_generados.csv,NO_COPIADO
9add1c5d8977f90079309c69bea622d05162e6c8babc5e827851cae4eb85ff09,2987,3,PRINCIPAL,Analisis agosto/analisis_piloto/datos/piloto_longitudinal.csv,02_datos_procesados/datos/piloto_longitudinal.csv
9add1c5d8977f90079309c69bea622d05162e6c8babc5e827851cae4eb85ff09,2987,3,COPIA,Analisis agosto/articulo_1/analisis_piloto/datos/piloto_longitudinal.csv,NO_COPIADO
9add1c5d8977f90079309c69bea622d05162e6c8babc5e827851cae4eb85ff09,2987,3,COPIA,Analisis agosto/para_articulos/analisis_piloto/datos/piloto_longitudinal.csv,NO_COPIADO
930f3a7304c2cf0095686f9d55ac4df9ade9b1a0e8a6b2badcde3d41387d04f6,4200,3,PRINCIPAL,Analisis agosto/analisis_piloto/datos/principal_longitudinal.csv,02_datos_procesados/datos/principal_longitudinal.csv
930f3a7304c2cf0095686f9d55ac4df9ade9b1a0e8a6b2badcde3d41387d04f6,4200,3,COPIA,Analisis agosto/articulo_1/analisis_piloto/datos/principal_longitudinal.csv,NO_COPIADO
930f3a7304c2cf0095686f9d55ac4df9ade9b1a0e8a6b2badcde3d41387d04f6,4200,3,COPIA,Analisis agosto/para_articulos/analisis_piloto/datos/principal_longitudinal.csv,NO_COPIADO
0141c5756e6c26a9cf9a996685e7c4efa99355fec0fca3c6fe8b9bef903b5c50,103077,3,PRINCIPAL,Analisis agosto/analisis_piloto/modelos/modelos_comparativos.rds,03_resultados/modelos_comparativos/modelos_comparativos.rds
0141c5756e6c26a9cf9a996685e7c4efa99355fec0fca3c6fe8b9bef903b5c50,103077,3,COPIA,Analisis agosto/articulo_1/analisis_piloto/modelos/modelos_comparativos.rds,NO_COPIADO
0141c5756e6c26a9cf9a996685e7c4efa99355fec0fca3c6fe8b9bef903b5c50,103077,3,COPIA,Analisis agosto/para_articulos/analisis_piloto/modelos/modelos_comparativos.rds,NO_COPIADO
3807307857365fc1008480e0dc929841ecd196a2630976c1f78bb1e74ed67192,113390,3,PRINCIPAL,Analisis agosto/analisis_piloto/modelos/modelos_piloto.rds,03_resultados/modelos_piloto/modelos_piloto.rds
3807307857365fc1008480e0dc929841ecd196a2630976c1f78bb1e74ed67192,113390,3,COPIA,Analisis agosto/articulo_1/analisis_piloto/modelos/modelos_piloto.rds,NO_COPIADO
3807307857365fc1008480e0dc929841ecd196a2630976c1f78bb1e74ed67192,113390,3,COPIA,Analisis agosto/para_articulos/analisis_piloto/modelos/modelos_piloto.rds,NO_COPIADO
25a3ae0adf29cf581084d0774e13eb4aa25366157dbc324dba8aaa0f1aebc062,117415,3,PRINCIPAL,Analisis agosto/analisis_piloto/modelos/modelos_principal.rds,03_resultados/modelos_comparativos/modelos_principal.rds
25a3ae0adf29cf581084d0774e13eb4aa25366157dbc324dba8aaa0f1aebc062,117415,3,COPIA,Analisis agosto/articulo_1/analisis_piloto/modelos/modelos_principal.rds,NO_COPIADO
25a3ae0adf29cf581084d0774e13eb4aa25366157dbc324dba8aaa0f1aebc062,117415,3,COPIA,Analisis agosto/para_articulos/analisis_piloto/modelos/modelos_principal.rds,NO_COPIADO
8483a2540f3a49c5a0691154066c1eda6256803ab2c946c632bc958bca9fdebd,299,3,PRINCIPAL,Analisis agosto/analisis_piloto/tablas/auditoria_principal.csv,03_resultados/tablas_comparativas/auditoria_principal.csv
8483a2540f3a49c5a0691154066c1eda6256803ab2c946c632bc958bca9fdebd,299,3,COPIA,Analisis agosto/articulo_1/analisis_piloto/tablas/auditoria_principal.csv,NO_COPIADO
8483a2540f3a49c5a0691154066c1eda6256803ab2c946c632bc958bca9fdebd,299,3,COPIA,Analisis agosto/para_articulos/analisis_piloto/tablas/auditoria_principal.csv,NO_COPIADO
77bdebc7ada8458dbf09a5860eb53f88eb81eaf0979ff054b34d5e4f7bb2fe0e,2926,3,PRINCIPAL,Analisis agosto/analisis_piloto/tablas/descriptivos_condicion_tiempo.csv,03_resultados/tablas_comparativas/descriptivos_condicion_tiempo.csv
77bdebc7ada8458dbf09a5860eb53f88eb81eaf0979ff054b34d5e4f7bb2fe0e,2926,3,COPIA,Analisis agosto/articulo_1/analisis_piloto/tablas/descriptivos_condicion_tiempo.csv,NO_COPIADO
77bdebc7ada8458dbf09a5860eb53f88eb81eaf0979ff054b34d5e4f7bb2fe0e,2926,3,COPIA,Analisis agosto/para_articulos/analisis_piloto/tablas/descriptivos_condicion_tiempo.csv,NO_COPIADO
65ba4f1bc511ab4324701b58335dd229ab463003c111b92ad16b413a1f46da6d,112109,3,COPIA,Analisis agosto/articulo_1/resultados/graficos español/figura_02_linguistica_es.png,NO_COPIADO
65ba4f1bc511ab4324701b58335dd229ab463003c111b92ad16b413a1f46da6d,112109,3,COPIA,Analisis agosto/para_articulos/resultados/graficos español/figura_02_linguistica_es.png,NO_COPIADO
65ba4f1bc511ab4324701b58335dd229ab463003c111b92ad16b413a1f46da6d,112109,3,PRINCIPAL,Analisis agosto/resultados/graficos español/figura_02_linguistica_es.png,NO_COPIADO
d034f35cbcaaab387c10ec8477c72ccdb2f07f06052413fbdb18b076e16a1bee,99422,3,COPIA,Analisis agosto/articulo_1/resultados/graficos español/figura_03_hopper_es.png,NO_COPIADO
d034f35cbcaaab387c10ec8477c72ccdb2f07f06052413fbdb18b076e16a1bee,99422,3,COPIA,Analisis agosto/para_articulos/resultados/graficos español/figura_03_hopper_es.png,NO_COPIADO
d034f35cbcaaab387c10ec8477c72ccdb2f07f06052413fbdb18b076e16a1bee,99422,3,PRINCIPAL,Analisis agosto/resultados/graficos español/figura_03_hopper_es.png,NO_COPIADO
9c60a82ed2d9919440417ef0478dae4b3f67692decc65242f8a9bbae8ecea5cb,71237,3,COPIA,Analisis agosto/articulo_1/resultados/graficos español/figura_04_similitud_es.png,NO_COPIADO
9c60a82ed2d9919440417ef0478dae4b3f67692decc65242f8a9bbae8ecea5cb,71237,3,COPIA,Analisis agosto/para_articulos/resultados/graficos español/figura_04_similitud_es.png,NO_COPIADO
9c60a82ed2d9919440417ef0478dae4b3f67692decc65242f8a9bbae8ecea5cb,71237,3,PRINCIPAL,Analisis agosto/resultados/graficos español/figura_04_similitud_es.png,NO_COPIADO
d62adebc07fd7d597d93021696902f4f1e08f6e4af5c2a6c118790378040ea16,109804,3,COPIA,Analisis agosto/articulo_1/resultados/graficos español/figura_05_prototipos_es.png,NO_COPIADO
d62adebc07fd7d597d93021696902f4f1e08f6e4af5c2a6c118790378040ea16,109804,3,COPIA,Analisis agosto/para_articulos/resultados/graficos español/figura_05_prototipos_es.png,NO_COPIADO
d62adebc07fd7d597d93021696902f4f1e08f6e4af5c2a6c118790378040ea16,109804,3,PRINCIPAL,Analisis agosto/resultados/graficos español/figura_05_prototipos_es.png,NO_COPIADO
d7a8f9020a90c9d09d58b5793c5d2df5e709dc580b3955b49794909d933d7084,180215,3,COPIA,Analisis agosto/articulo_1/resultados/graficos español/figura_06_pca_es.png,NO_COPIADO
d7a8f9020a90c9d09d58b5793c5d2df5e709dc580b3955b49794909d933d7084,180215,3,COPIA,Analisis agosto/para_articulos/resultados/graficos español/figura_06_pca_es.png,NO_COPIADO
d7a8f9020a90c9d09d58b5793c5d2df5e709dc580b3955b49794909d933d7084,180215,3,PRINCIPAL,Analisis agosto/resultados/graficos español/figura_06_pca_es.png,NO_COPIADO
7ecca0bd7035e0fdf390b4fe71905dbeeb5df0e768bfc36edb511d4e153cad23,70155,3,COPIA,Analisis agosto/articulo_1/resultados/graficos español/figura_07_cambio_semantico_es.png,NO_COPIADO
7ecca0bd7035e0fdf390b4fe71905dbeeb5df0e768bfc36edb511d4e153cad23,70155,3,COPIA,Analisis agosto/para_articulos/resultados/graficos español/figura_07_cambio_semantico_es.png,NO_COPIADO
7ecca0bd7035e0fdf390b4fe71905dbeeb5df0e768bfc36edb511d4e153cad23,70155,3,PRINCIPAL,Analisis agosto/resultados/graficos español/figura_07_cambio_semantico_es.png,NO_COPIADO
33b5349fbff3d02d191f3c6da5da94ba4d9d514d0bcf9d4b1db3d0aa51da1b32,13357,3,COPIA,Analisis agosto/articulo_1/resultados/graficos español/figura_08_correlaciones_es.png,NO_COPIADO
33b5349fbff3d02d191f3c6da5da94ba4d9d514d0bcf9d4b1db3d0aa51da1b32,13357,3,COPIA,Analisis agosto/para_articulos/resultados/graficos español/figura_08_correlaciones_es.png,NO_COPIADO
33b5349fbff3d02d191f3c6da5da94ba4d9d514d0bcf9d4b1db3d0aa51da1b32,13357,3,PRINCIPAL,Analisis agosto/resultados/graficos español/figura_08_correlaciones_es.png,NO_COPIADO
6cbc1c1a28fb93b7dfc220433894881d4b4efd55763d95306f28ccebf9533e51,4424,3,COPIA,Analisis agosto/articulo_1/resultados/tablas/descriptivos_hopper.csv,NO_COPIADO
6cbc1c1a28fb93b7dfc220433894881d4b4efd55763d95306f28ccebf9533e51,4424,3,COPIA,Analisis agosto/para_articulos/resultados/tablas/descriptivos_hopper.csv,NO_COPIADO
6cbc1c1a28fb93b7dfc220433894881d4b4efd55763d95306f28ccebf9533e51,4424,3,PRINCIPAL,Analisis agosto/resultados/tablas/descriptivos_hopper.csv,NO_COPIADO
de1fbbae50a9eab725c61b9b479b3004f89677f5b8f90a0e2945e8c05da949fc,445,3,COPIA,Analisis agosto/articulo_1/resultados/tablas/descriptivos_linguistica.csv,NO_COPIADO
de1fbbae50a9eab725c61b9b479b3004f89677f5b8f90a0e2945e8c05da949fc,445,3,COPIA,Analisis agosto/para_articulos/resultados/tablas/descriptivos_linguistica.csv,NO_COPIADO
de1fbbae50a9eab725c61b9b479b3004f89677f5b8f90a0e2945e8c05da949fc,445,3,PRINCIPAL,Analisis agosto/resultados/tablas/descriptivos_linguistica.csv,NO_COPIADO
3f4d300defb8823d739c36b6db4dbc31f433ca5e80d4ef955f13c69cdf6df6e8,230,3,COPIA,Analisis agosto/articulo_1/resultados/tablas/descriptivos_semantica.csv,NO_COPIADO
3f4d300defb8823d739c36b6db4dbc31f433ca5e80d4ef955f13c69cdf6df6e8,230,3,COPIA,Analisis agosto/para_articulos/resultados/tablas/descriptivos_semantica.csv,NO_COPIADO
3f4d300defb8823d739c36b6db4dbc31f433ca5e80d4ef955f13c69cdf6df6e8,230,3,PRINCIPAL,Analisis agosto/resultados/tablas/descriptivos_semantica.csv,NO_COPIADO
cea664416a24b8310e6902b411a72207ba307cbc3628ec5ccfbfdb5d935ec948,2012,2,PRINCIPAL,Analisis agosto/experimento_log.txt,05_auditoria/origen/experimento_log_Analisis_agosto.txt
cea664416a24b8310e6902b411a72207ba307cbc3628ec5ccfbfdb5d935ec948,2012,2,COPIA,Analisis agosto/para_articulos/experimento_log.txt,NO_COPIADO
b624af0a911b3c5111a67f450a40b0102b6458e343adfef67f6141d45bbe7da3,32556222,2,COPIA,Analisis agosto/para_articulos/scores_diccionarios_long.csv,NO_COPIADO
b624af0a911b3c5111a67f450a40b0102b6458e343adfef67f6141d45bbe7da3,32556222,2,PRINCIPAL,Analisis agosto/scores_diccionarios_long.csv,NO_COPIADO
706fbf3c132671679895b69cbfe321d1398cddc4d1d9549932b7f36dbc28b23a,5032,2,COPIA,Analisis agosto/para_articulos/scores_diccionarios_wide.csv,NO_COPIADO
706fbf3c132671679895b69cbfe321d1398cddc4d1d9549932b7f36dbc28b23a,5032,2,PRINCIPAL,Analisis agosto/scores_diccionarios_wide.csv,NO_COPIADO
f25f84d4327e7f72e13c2b09ec2bff23b9ea12592ed1046f682035239b75d1c7,2145,2,PRINCIPAL,Analisis agosto/analisis_piloto/README_ANALISIS_PILOTO.txt,03_resultados/README_ANALISIS_PILOTO.txt
f25f84d4327e7f72e13c2b09ec2bff23b9ea12592ed1046f682035239b75d1c7,2145,2,COPIA,Analisis agosto/para_articulos/analisis_piloto/README_ANALISIS_PILOTO.txt,NO_COPIADO
0f1a77ded2a987b531bab3850472dcc8286412f53f9c6cef155f5aac5b9799d6,77351,2,PRINCIPAL,Analisis agosto/analisis_piloto/datos/ancho_piloto_completo.csv,02_datos_procesados/datos/ancho_piloto_completo.csv
0f1a77ded2a987b531bab3850472dcc8286412f53f9c6cef155f5aac5b9799d6,77351,2,COPIA,Analisis agosto/para_articulos/analisis_piloto/datos/ancho_piloto_completo.csv,NO_COPIADO
6df82c20ce7d61872349d8b1628dfa1adcbceef1367ca69e472e0551b53c9f2e,13891,2,PRINCIPAL,Analisis agosto/analisis_piloto/datos/ancho_piloto_completo.rds,02_datos_procesados/datos/ancho_piloto_completo.rds
6df82c20ce7d61872349d8b1628dfa1adcbceef1367ca69e472e0551b53c9f2e,13891,2,COPIA,Analisis agosto/para_articulos/analisis_piloto/datos/ancho_piloto_completo.rds,NO_COPIADO
9f78cbfb82d3c5c686e189d3ae42192ac99d36f167dc65e688d2e32949f05b4d,50083,2,PRINCIPAL,Analisis agosto/analisis_piloto/datos/embeddings_piloto_t1.rds,02_datos_procesados/datos/embeddings_piloto_t1.rds
9f78cbfb82d3c5c686e189d3ae42192ac99d36f167dc65e688d2e32949f05b4d,50083,2,COPIA,Analisis agosto/para_articulos/analisis_piloto/datos/embeddings_piloto_t1.rds,NO_COPIADO
5906bbdbe8fa002daee6c2a1578d204ddf990465e6f28172134dbce0c131e5ee,50072,2,PRINCIPAL,Analisis agosto/analisis_piloto/datos/embeddings_piloto_t2.rds,02_datos_procesados/datos/embeddings_piloto_t2.rds
5906bbdbe8fa002daee6c2a1578d204ddf990465e6f28172134dbce0c131e5ee,50072,2,COPIA,Analisis agosto/para_articulos/analisis_piloto/datos/embeddings_piloto_t2.rds,NO_COPIADO
c1636e67ed2c3ac35adbbcfcb6df0c1983a6ccd995710dbad8c9a52f9837663c,50067,2,PRINCIPAL,Analisis agosto/analisis_piloto/datos/embeddings_piloto_t3.rds,02_datos_procesados/datos/embeddings_piloto_t3.rds
c1636e67ed2c3ac35adbbcfcb6df0c1983a6ccd995710dbad8c9a52f9837663c,50067,2,COPIA,Analisis agosto/para_articulos/analisis_piloto/datos/embeddings_piloto_t3.rds,NO_COPIADO
cd369c37e8566929010515f1a3eeb0c5d903b0e25b586b02d214ddc04c5dd3e1,560,2,PRINCIPAL,Analisis agosto/analisis_piloto/datos/piloto_identificacion.csv,02_datos_procesados/datos/piloto_identificacion.csv
cd369c37e8566929010515f1a3eeb0c5d903b0e25b586b02d214ddc04c5dd3e1,560,2,COPIA,Analisis agosto/para_articulos/analisis_piloto/datos/piloto_identificacion.csv,NO_COPIADO
34ee24e29d7890250657dd8abc3957106d11f0c3cda2d81887b5e4900a413493,695,2,PRINCIPAL,Analisis agosto/analisis_piloto/datos/piloto_metricas_linguisticas.csv,02_datos_procesados/datos/piloto_metricas_linguisticas.csv
34ee24e29d7890250657dd8abc3957106d11f0c3cda2d81887b5e4900a413493,695,2,COPIA,Analisis agosto/para_articulos/analisis_piloto/datos/piloto_metricas_linguisticas.csv,NO_COPIADO
217154ae1c5c32dc1a8a420344bfd797a1d9d28d4f7255a9067459cb4ba1dc82,3982,2,PRINCIPAL,Analisis agosto/analisis_piloto/datos/README_DATOS_PILOTO.txt,02_datos_procesados/datos/README_DATOS_PILOTO.txt
217154ae1c5c32dc1a8a420344bfd797a1d9d28d4f7255a9067459cb4ba1dc82,3982,2,COPIA,Analisis agosto/para_articulos/analisis_piloto/datos/README_DATOS_PILOTO.txt,NO_COPIADO
e6f6a4cb81ec9b5432df6f47fcdf3a228ec4b07ea04372a11a639c9e8fa14915,40191,2,PRINCIPAL,Analisis agosto/analisis_piloto/datos_piloto_extra/ancho_piloto_completo.csv,02_datos_procesados/datos_piloto_extra/ancho_piloto_completo.csv
e6f6a4cb81ec9b5432df6f47fcdf3a228ec4b07ea04372a11a639c9e8fa14915,40191,2,COPIA,Analisis agosto/para_articulos/analisis_piloto/datos_piloto_extra/ancho_piloto_completo.csv,NO_COPIADO
57cd439e8e951d7efb87b8c8066b533ccf3e5388667fe5bf8853a8cc17613540,9024,2,PRINCIPAL,Analisis agosto/analisis_piloto/datos_piloto_extra/ancho_piloto_completo.rds,02_datos_procesados/datos_piloto_extra/ancho_piloto_completo.rds
57cd439e8e951d7efb87b8c8066b533ccf3e5388667fe5bf8853a8cc17613540,9024,2,COPIA,Analisis agosto/para_articulos/analisis_piloto/datos_piloto_extra/ancho_piloto_completo.rds,NO_COPIADO
1ce43dd85d2b67110d2a6239ffd2ac3922f1e031254e7f4af8ce4454f712fe23,1342,2,PRINCIPAL,Analisis agosto/analisis_piloto/datos_piloto_extra/ancho_piloto_prototipos.csv,02_datos_procesados/datos_piloto_extra/ancho_piloto_prototipos.csv
1ce43dd85d2b67110d2a6239ffd2ac3922f1e031254e7f4af8ce4454f712fe23,1342,2,COPIA,Analisis agosto/para_articulos/analisis_piloto/datos_piloto_extra/ancho_piloto_prototipos.csv,NO_COPIADO
0e63329dbca5daf070d017238db56ec499992b3e205db5b2eca1fd0f1fd21467,486,2,PRINCIPAL,Analisis agosto/analisis_piloto/datos_piloto_extra/ancho_piloto_prototipos.rds,02_datos_procesados/datos_piloto_extra/ancho_piloto_prototipos.rds
0e63329dbca5daf070d017238db56ec499992b3e205db5b2eca1fd0f1fd21467,486,2,COPIA,Analisis agosto/para_articulos/analisis_piloto/datos_piloto_extra/ancho_piloto_prototipos.rds,NO_COPIADO
8fcfe3181a083d286b6f54d4ea890726bc64a93e4a366502fe134c0622f9edc5,218,2,PRINCIPAL,Analisis agosto/analisis_piloto/datos_piloto_extra/ancho_piloto_semantica.csv,02_datos_procesados/datos_piloto_extra/ancho_piloto_semantica.csv
8fcfe3181a083d286b6f54d4ea890726bc64a93e4a366502fe134c0622f9edc5,218,2,COPIA,Analisis agosto/para_articulos/analisis_piloto/datos_piloto_extra/ancho_piloto_semantica.csv,NO_COPIADO
5ac3ae1620d3a8f9ceb570474347cb33c5816dd36356cab9eed3aedbd0e5cb0a,215,2,PRINCIPAL,Analisis agosto/analisis_piloto/datos_piloto_extra/ancho_piloto_semantica.rds,02_datos_procesados/datos_piloto_extra/ancho_piloto_semantica.rds
5ac3ae1620d3a8f9ceb570474347cb33c5816dd36356cab9eed3aedbd0e5cb0a,215,2,COPIA,Analisis agosto/para_articulos/analisis_piloto/datos_piloto_extra/ancho_piloto_semantica.rds,NO_COPIADO
7ffae46881c98b5877e7e1e7d7b4678da96513ae0c0cfeb289c0dd7ac01985ac,890,2,PRINCIPAL,Analisis agosto/analisis_piloto/datos_piloto_extra/README_objetos_piloto.txt,02_datos_procesados/datos_piloto_extra/README_objetos_piloto.txt
7ffae46881c98b5877e7e1e7d7b4678da96513ae0c0cfeb289c0dd7ac01985ac,890,2,COPIA,Analisis agosto/para_articulos/analisis_piloto/datos_piloto_extra/README_objetos_piloto.txt,NO_COPIADO
ca0dbee142f04bb4f6ad5e1e1fe7d11698171e3740735e1d174fcbcc8a2763b1,2110,2,PRINCIPAL,Analisis agosto/analisis_piloto/diagnosticos/piloto_n_palabras_calculado_diagnosticos.csv,03_resultados/diagnosticos/piloto_n_palabras_calculado_diagnosticos.csv
ca0dbee142f04bb4f6ad5e1e1fe7d11698171e3740735e1d174fcbcc8a2763b1,2110,2,COPIA,Analisis agosto/para_articulos/analisis_piloto/diagnosticos/piloto_n_palabras_calculado_diagnosticos.csv,NO_COPIADO
08806d20094fa85c33ddcef05c81f314db087f6d2a7db5073de9180b36370a35,71393,2,PRINCIPAL,Analisis agosto/analisis_piloto/diagnosticos/piloto_n_palabras_calculado_performance.txt,03_resultados/diagnosticos/piloto_n_palabras_calculado_performance.txt
08806d20094fa85c33ddcef05c81f314db087f6d2a7db5073de9180b36370a35,71393,2,COPIA,Analisis agosto/para_articulos/analisis_piloto/diagnosticos/piloto_n_palabras_calculado_performance.txt,NO_COPIADO
0bf2ecd59c1a0cee67d8b0f4906bd3d22a4b169c5fc3030e60a33bce86039b2a,33986,2,PRINCIPAL,Analisis agosto/analisis_piloto/figures_en/COMPARISON_n_palabras_calculado_EN.pdf,03_resultados/figuras_comparativas/COMPARISON_n_palabras_calculado_EN.pdf
0bf2ecd59c1a0cee67d8b0f4906bd3d22a4b169c5fc3030e60a33bce86039b2a,33986,2,COPIA,Analisis agosto/para_articulos/analisis_piloto/figures_en/COMPARISON_n_palabras_calculado_EN.pdf,NO_COPIADO
0fa2ac9ffc1aa6a3ac4e03943c027d608ba1e72543622eaa6e2e8560ec5fd33b,340464,2,PRINCIPAL,Analisis agosto/analisis_piloto/figures_en/COMPARISON_n_palabras_calculado_EN.png,03_resultados/figuras_comparativas/COMPARISON_n_palabras_calculado_EN.png
0fa2ac9ffc1aa6a3ac4e03943c027d608ba1e72543622eaa6e2e8560ec5fd33b,340464,2,COPIA,Analisis agosto/para_articulos/analisis_piloto/figures_en/COMPARISON_n_palabras_calculado_EN.png,NO_COPIADO
29b7b7ea12664b21d4eb6b86bd8ccb42bc6d40f5b8ba5b27dda0bf585905bce3,29204,2,PRINCIPAL,Analisis agosto/analisis_piloto/figures_en/PILOT_n_palabras_calculado_EN_distribucion.pdf,03_resultados/figuras_piloto/PILOT_n_palabras_calculado_EN_distribucion.pdf
29b7b7ea12664b21d4eb6b86bd8ccb42bc6d40f5b8ba5b27dda0bf585905bce3,29204,2,COPIA,Analisis agosto/para_articulos/analisis_piloto/figures_en/PILOT_n_palabras_calculado_EN_distribucion.pdf,NO_COPIADO
c1811aa383d13ab0b0a485b45b29642551a6ce2eda46e2d1910827f736bb5408,187106,2,PRINCIPAL,Analisis agosto/analisis_piloto/figures_en/PILOT_n_palabras_calculado_EN_distribucion.png,03_resultados/figuras_piloto/PILOT_n_palabras_calculado_EN_distribucion.png
c1811aa383d13ab0b0a485b45b29642551a6ce2eda46e2d1910827f736bb5408,187106,2,COPIA,Analisis agosto/para_articulos/analisis_piloto/figures_en/PILOT_n_palabras_calculado_EN_distribucion.png,NO_COPIADO
9e34af7321f84855085fd7d2b87e6e7009c282274d1f7823899125f90a349740,29938,2,PRINCIPAL,Analisis agosto/analisis_piloto/figures_en/PILOT_n_palabras_calculado_EN_individuales.pdf,03_resultados/figuras_piloto/PILOT_n_palabras_calculado_EN_individuales.pdf
9e34af7321f84855085fd7d2b87e6e7009c282274d1f7823899125f90a349740,29938,2,COPIA,Analisis agosto/para_articulos/analisis_piloto/figures_en/PILOT_n_palabras_calculado_EN_individuales.pdf,NO_COPIADO
1d81ccffcb5d06904891d3e94b002274508e79bc23f2ed9897fb9f6282e62d3c,447506,2,PRINCIPAL,Analisis agosto/analisis_piloto/figures_en/PILOT_n_palabras_calculado_EN_individuales.png,03_resultados/figuras_piloto/PILOT_n_palabras_calculado_EN_individuales.png
1d81ccffcb5d06904891d3e94b002274508e79bc23f2ed9897fb9f6282e62d3c,447506,2,COPIA,Analisis agosto/para_articulos/analisis_piloto/figures_en/PILOT_n_palabras_calculado_EN_individuales.png,NO_COPIADO
db655ed47a33118f050de07f7f14a5a9b88db20c75ed407d9acc134eb4400af5,33788,2,PRINCIPAL,Analisis agosto/analisis_piloto/figures_en/PILOT_n_palabras_calculado_EN_trayectoria.pdf,03_resultados/figuras_piloto/PILOT_n_palabras_calculado_EN_trayectoria.pdf
db655ed47a33118f050de07f7f14a5a9b88db20c75ed407d9acc134eb4400af5,33788,2,COPIA,Analisis agosto/para_articulos/analisis_piloto/figures_en/PILOT_n_palabras_calculado_EN_trayectoria.pdf,NO_COPIADO
15f3ad4ca85c82421dd1d4e52f99ef1806d16ab8cae360f59438c5f3aef225b2,246709,2,PRINCIPAL,Analisis agosto/analisis_piloto/figures_en/PILOT_n_palabras_calculado_EN_trayectoria.png,03_resultados/figuras_piloto/PILOT_n_palabras_calculado_EN_trayectoria.png
15f3ad4ca85c82421dd1d4e52f99ef1806d16ab8cae360f59438c5f3aef225b2,246709,2,COPIA,Analisis agosto/para_articulos/analisis_piloto/figures_en/PILOT_n_palabras_calculado_EN_trayectoria.png,NO_COPIADO
23c0568b0d89630400dfaf43caf643236a5e50be5f8c83fa92aa27be0fc3d952,32580,2,PRINCIPAL,Analisis agosto/analisis_piloto/graficas_es/COMPARACION_n_palabras_calculado_ES.pdf,03_resultados/figuras_comparativas/COMPARACION_n_palabras_calculado_ES.pdf
23c0568b0d89630400dfaf43caf643236a5e50be5f8c83fa92aa27be0fc3d952,32580,2,COPIA,Analisis agosto/para_articulos/analisis_piloto/graficas_es/COMPARACION_n_palabras_calculado_ES.pdf,NO_COPIADO
a8c48a07faed63177ae9bccc7f2161ac02c8b109c8911f594c98f3cea4c02633,340551,2,PRINCIPAL,Analisis agosto/analisis_piloto/graficas_es/COMPARACION_n_palabras_calculado_ES.png,03_resultados/figuras_comparativas/COMPARACION_n_palabras_calculado_ES.png
a8c48a07faed63177ae9bccc7f2161ac02c8b109c8911f594c98f3cea4c02633,340551,2,COPIA,Analisis agosto/para_articulos/analisis_piloto/graficas_es/COMPARACION_n_palabras_calculado_ES.png,NO_COPIADO
fa200491d969656fe600003e117122a1b94ba65343e1594c1402afe14dbf3245,29396,2,PRINCIPAL,Analisis agosto/analisis_piloto/graficas_es/PILOTO_n_palabras_calculado_ES_distribucion.pdf,03_resultados/figuras_piloto/PILOTO_n_palabras_calculado_ES_distribucion.pdf
fa200491d969656fe600003e117122a1b94ba65343e1594c1402afe14dbf3245,29396,2,COPIA,Analisis agosto/para_articulos/analisis_piloto/graficas_es/PILOTO_n_palabras_calculado_ES_distribucion.pdf,NO_COPIADO
f7e8a00c4ee7c8d99fb1736292d6d9dcd9acac89a0a40e3faa26168d7f543f2b,193143,2,PRINCIPAL,Analisis agosto/analisis_piloto/graficas_es/PILOTO_n_palabras_calculado_ES_distribucion.png,03_resultados/figuras_piloto/PILOTO_n_palabras_calculado_ES_distribucion.png
f7e8a00c4ee7c8d99fb1736292d6d9dcd9acac89a0a40e3faa26168d7f543f2b,193143,2,COPIA,Analisis agosto/para_articulos/analisis_piloto/graficas_es/PILOTO_n_palabras_calculado_ES_distribucion.png,NO_COPIADO
f88f0e03459361fa35685beb33254875bdefb0d1a21ad51e375d740ead942351,29600,2,PRINCIPAL,Analisis agosto/analisis_piloto/graficas_es/PILOTO_n_palabras_calculado_ES_individuales.pdf,03_resultados/figuras_piloto/PILOTO_n_palabras_calculado_ES_individuales.pdf
f88f0e03459361fa35685beb33254875bdefb0d1a21ad51e375d740ead942351,29600,2,COPIA,Analisis agosto/para_articulos/analisis_piloto/graficas_es/PILOTO_n_palabras_calculado_ES_individuales.pdf,NO_COPIADO
9f3de29262235bdca128f177d22d2a674d5e3e36d5c2eb93d39fef4b97f508fe,449872,2,PRINCIPAL,Analisis agosto/analisis_piloto/graficas_es/PILOTO_n_palabras_calculado_ES_individuales.png,03_resultados/figuras_piloto/PILOTO_n_palabras_calculado_ES_individuales.png
9f3de29262235bdca128f177d22d2a674d5e3e36d5c2eb93d39fef4b97f508fe,449872,2,COPIA,Analisis agosto/para_articulos/analisis_piloto/graficas_es/PILOTO_n_palabras_calculado_ES_individuales.png,NO_COPIADO
52df314a8a9afede2210f086ca0c4abb080852ef549d491e895030e752e8306e,32025,2,PRINCIPAL,Analisis agosto/analisis_piloto/graficas_es/PILOTO_n_palabras_calculado_ES_trayectoria.pdf,03_resultados/figuras_piloto/PILOTO_n_palabras_calculado_ES_trayectoria.pdf
52df314a8a9afede2210f086ca0c4abb080852ef549d491e895030e752e8306e,32025,2,COPIA,Analisis agosto/para_articulos/analisis_piloto/graficas_es/PILOTO_n_palabras_calculado_ES_trayectoria.pdf,NO_COPIADO
30c125b1e139a14ec4bfa3afac42bff391cade12d7d4ed251743952ccbcf53e0,244294,2,PRINCIPAL,Analisis agosto/analisis_piloto/graficas_es/PILOTO_n_palabras_calculado_ES_trayectoria.png,03_resultados/figuras_piloto/PILOTO_n_palabras_calculado_ES_trayectoria.png
30c125b1e139a14ec4bfa3afac42bff391cade12d7d4ed251743952ccbcf53e0,244294,2,COPIA,Analisis agosto/para_articulos/analisis_piloto/graficas_es/PILOTO_n_palabras_calculado_ES_trayectoria.png,NO_COPIADO
35f17c77df8b245c53db44243499b009ed577f01e50901f289a669b9b2fb20d8,330,2,PRINCIPAL,Analisis agosto/analisis_piloto/tablas/auditoria_piloto.csv,03_resultados/tablas_piloto/auditoria_piloto.csv
35f17c77df8b245c53db44243499b009ed577f01e50901f289a669b9b2fb20d8,330,2,COPIA,Analisis agosto/para_articulos/analisis_piloto/tablas/auditoria_piloto.csv,NO_COPIADO
7c6d9f8fd179c0bbcb604c16ebc17586f84848364fc492efc9fd676cc106e3c5,815,2,PRINCIPAL,Analisis agosto/analisis_piloto/tablas/comparacion_n_palabras_calculado_ANOVA.csv,03_resultados/tablas_comparativas/comparacion_n_palabras_calculado_ANOVA.csv
7c6d9f8fd179c0bbcb604c16ebc17586f84848364fc492efc9fd676cc106e3c5,815,2,COPIA,Analisis agosto/para_articulos/analisis_piloto/tablas/comparacion_n_palabras_calculado_ANOVA.csv,NO_COPIADO
1990b83c64b1984e4abf561da7760b2b1a05ba02990600790eb458bbb2f49e1f,2031,2,PRINCIPAL,Analisis agosto/analisis_piloto/tablas/comparacion_n_palabras_calculado_EMM.csv,03_resultados/tablas_comparativas/comparacion_n_palabras_calculado_EMM.csv
1990b83c64b1984e4abf561da7760b2b1a05ba02990600790eb458bbb2f49e1f,2031,2,COPIA,Analisis agosto/para_articulos/analisis_piloto/tablas/comparacion_n_palabras_calculado_EMM.csv,NO_COPIADO
7eac205535002ff6878bd159dfbf7b02343cd51ea8f059ecbb4441d390d7d424,156,2,PRINCIPAL,Analisis agosto/analisis_piloto/tablas/interaccion_fuente_tiempo.csv,03_resultados/tablas_comparativas/interaccion_fuente_tiempo.csv
7eac205535002ff6878bd159dfbf7b02343cd51ea8f059ecbb4441d390d7d424,156,2,COPIA,Analisis agosto/para_articulos/analisis_piloto/tablas/interaccion_fuente_tiempo.csv,NO_COPIADO
66ded6059f2fe0eea81ffd61f337f442fe95f21801580855caa72f1c75de3f08,1055,2,PRINCIPAL,Analisis agosto/analisis_piloto/tablas/piloto_n_palabras_calculado_contrastes_cond.csv,03_resultados/tablas_piloto/piloto_n_palabras_calculado_contrastes_cond.csv
66ded6059f2fe0eea81ffd61f337f442fe95f21801580855caa72f1c75de3f08,1055,2,COPIA,Analisis agosto/para_articulos/analisis_piloto/tablas/piloto_n_palabras_calculado_contrastes_cond.csv,NO_COPIADO
22692dabb50ed6dcc1f21cdf81c9f065ec4e66e5d40d413e47c3e8c802678d79,892,2,PRINCIPAL,Analisis agosto/analisis_piloto/tablas/piloto_n_palabras_calculado_contrastes_tiempo.csv,03_resultados/tablas_piloto/piloto_n_palabras_calculado_contrastes_tiempo.csv
22692dabb50ed6dcc1f21cdf81c9f065ec4e66e5d40d413e47c3e8c802678d79,892,2,COPIA,Analisis agosto/para_articulos/analisis_piloto/tablas/piloto_n_palabras_calculado_contrastes_tiempo.csv,NO_COPIADO
6b7bca8cbdd2def5614fd28ee7ab40ac50e36c81dc50c5fa1a12c2b140007b2d,965,2,PRINCIPAL,Analisis agosto/analisis_piloto/tablas/piloto_n_palabras_calculado_EMM.csv,03_resultados/tablas_piloto/piloto_n_palabras_calculado_EMM.csv
6b7bca8cbdd2def5614fd28ee7ab40ac50e36c81dc50c5fa1a12c2b140007b2d,965,2,COPIA,Analisis agosto/para_articulos/analisis_piloto/tablas/piloto_n_palabras_calculado_EMM.csv,NO_COPIADO
c699891d0d8721e4c3ea48af9b80bc9efb75bb7eb7c837d0754b7c6eb1e13d31,893,2,PRINCIPAL,Analisis agosto/analisis_piloto/tablas/resumen_modelos_validos.csv,03_resultados/tablas_comparativas/resumen_modelos_validos.csv
c699891d0d8721e4c3ea48af9b80bc9efb75bb7eb7c837d0754b7c6eb1e13d31,893,2,COPIA,Analisis agosto/para_articulos/analisis_piloto/tablas/resumen_modelos_validos.csv,NO_COPIADO
1429aea44fac7c3a64cafc84613d7e20b0731a7023446ab30e8d71bc6ed15a29,53,2,PRINCIPAL,Analisis agosto/analisis_piloto/tablas/variables_comunes.csv,03_resultados/tablas_comparativas/variables_comunes.csv
1429aea44fac7c3a64cafc84613d7e20b0731a7023446ab30e8d71bc6ed15a29,53,2,COPIA,Analisis agosto/para_articulos/analisis_piloto/tablas/variables_comunes.csv,NO_COPIADO
9d09f52fa60fddea24b244caa21e2109fdd131d19990dea6f2be1d4567b3f1ac,30661,2,PRINCIPAL,Analisis agosto/data/lexicons/nrc_es.rds,NO_COPIADO
9d09f52fa60fddea24b244caa21e2109fdd131d19990dea6f2be1d4567b3f1ac,30661,2,COPIA,Analisis agosto/para_articulos/data/lexicons/nrc_es.rds,NO_COPIADO
77c2483300a3b91197037e2f30770aaad9a58037eb6b8748b0a66e9cf738150a,117686,2,COPIA,Analisis agosto/para_articulos/resultados/embeddings_t1.rds,NO_COPIADO
77c2483300a3b91197037e2f30770aaad9a58037eb6b8748b0a66e9cf738150a,117686,2,PRINCIPAL,Analisis agosto/resultados/embeddings_t1.rds,NO_COPIADO
91406a7a3304412620a5f7f400ad86a27bc230f64ec3e7260a75c5b130e66ec0,117702,2,COPIA,Analisis agosto/para_articulos/resultados/embeddings_t2.rds,NO_COPIADO
91406a7a3304412620a5f7f400ad86a27bc230f64ec3e7260a75c5b130e66ec0,117702,2,PRINCIPAL,Analisis agosto/resultados/embeddings_t2.rds,NO_COPIADO
2f87226eb496394da39f7489914de96adba998af59d33503eb1f87b33672d09c,117715,2,COPIA,Analisis agosto/para_articulos/resultados/embeddings_t3.rds,NO_COPIADO
2f87226eb496394da39f7489914de96adba998af59d33503eb1f87b33672d09c,117715,2,PRINCIPAL,Analisis agosto/resultados/embeddings_t3.rds,NO_COPIADO
fcafae001b1957f5c0130e212b2e580da60f6716804dd394ce23709d43387f29,540,2,COPIA,Analisis agosto/para_articulos/resultados/metadata_embeddings.txt,NO_COPIADO
fcafae001b1957f5c0130e212b2e580da60f6716804dd394ce23709d43387f29,540,2,PRINCIPAL,Analisis agosto/resultados/metadata_embeddings.txt,NO_COPIADO
d398e890ef69d66c926f2b0299195c61f0a7fc024fbf9bb927e6d2bdc612f136,442153,2,COPIA,Analisis agosto/para_articulos/resultados/pca_embeddings.rds,NO_COPIADO
d398e890ef69d66c926f2b0299195c61f0a7fc024fbf9bb927e6d2bdc612f136,442153,2,PRINCIPAL,Analisis agosto/resultados/pca_embeddings.rds,NO_COPIADO
72ed970a0a7a0dbe808a06b11cfbc4a853f48b465132cbdff8ee82cf353add07,59181,2,COPIA,Analisis agosto/para_articulos/resultados/prototipos_semanticos.rds,NO_COPIADO
72ed970a0a7a0dbe808a06b11cfbc4a853f48b465132cbdff8ee82cf353add07,59181,2,PRINCIPAL,Analisis agosto/resultados/prototipos_semanticos.rds,NO_COPIADO
2a111acdc594d4af8430623d5b810178a800b61dad14b791faaea9699813c0be,6194,2,COPIA,Analisis agosto/para_articulos/resultados/resumen_metricas.csv,NO_COPIADO
2a111acdc594d4af8430623d5b810178a800b61dad14b791faaea9699813c0be,6194,2,PRINCIPAL,Analisis agosto/resultados/resumen_metricas.csv,NO_COPIADO
28a3c0f6da1bc4a6943a42216f1321aae6316434f4ee353fc7c88be5050fcf60,3007,2,COPIA,Analisis agosto/para_articulos/resultados/tabla_prototipos.csv,NO_COPIADO
28a3c0f6da1bc4a6943a42216f1321aae6316434f4ee353fc7c88be5050fcf60,3007,2,PRINCIPAL,Analisis agosto/resultados/tabla_prototipos.csv,NO_COPIADO
b4023ad07d4dfb9cfb81fcd5375b01476d08ba241ad3f7afb71ae378d5d08463,1002,2,COPIA,Analisis agosto/para_articulos/resultados/deepseek/00_instrucciones.txt,NO_COPIADO
b4023ad07d4dfb9cfb81fcd5375b01476d08ba241ad3f7afb71ae378d5d08463,1002,2,PRINCIPAL,Analisis agosto/resultados/deepseek/00_instrucciones.txt,NO_COPIADO
301e000ca02982be997e0a6985866883cc912c93133117461aabed1f8f35cbb4,1819,2,COPIA,Analisis agosto/para_articulos/resultados/deepseek/10_resumen_para_deepseek.txt,NO_COPIADO
301e000ca02982be997e0a6985866883cc912c93133117461aabed1f8f35cbb4,1819,2,PRINCIPAL,Analisis agosto/resultados/deepseek/10_resumen_para_deepseek.txt,NO_COPIADO
e4ec0f86e9efdf687e8a03589205227cfb089ca0aba252a6692ca42a03cc1730,28607,2,COPIA,Analisis agosto/para_articulos/resultados/graficos español/figura_02_linguistica_es.pdf,NO_COPIADO
e4ec0f86e9efdf687e8a03589205227cfb089ca0aba252a6692ca42a03cc1730,28607,2,PRINCIPAL,Analisis agosto/resultados/graficos español/figura_02_linguistica_es.pdf,NO_COPIADO
270a555c72b914f38d5be82b467b4d24feb6a1977a8bb5e31f70e280cc0c9ea4,34153,2,COPIA,Analisis agosto/para_articulos/resultados/graficos español/figura_03_hopper_es.pdf,NO_COPIADO
270a555c72b914f38d5be82b467b4d24feb6a1977a8bb5e31f70e280cc0c9ea4,34153,2,PRINCIPAL,Analisis agosto/resultados/graficos español/figura_03_hopper_es.pdf,NO_COPIADO
2159faf9fa77a0c0b2920be7af14d1a87e18f0363160c344fb0a5f8f0348fb11,30612,2,COPIA,Analisis agosto/para_articulos/resultados/graficos español/figura_04_similitud_es.pdf,NO_COPIADO
2159faf9fa77a0c0b2920be7af14d1a87e18f0363160c344fb0a5f8f0348fb11,30612,2,PRINCIPAL,Analisis agosto/resultados/graficos español/figura_04_similitud_es.pdf,NO_COPIADO
607cef09e2be82853a394134ea31d3de2027f782bef6dd732c3387cc178bede5,32094,2,COPIA,Analisis agosto/para_articulos/resultados/graficos español/figura_05_prototipos_es.pdf,NO_COPIADO
607cef09e2be82853a394134ea31d3de2027f782bef6dd732c3387cc178bede5,32094,2,PRINCIPAL,Analisis agosto/resultados/graficos español/figura_05_prototipos_es.pdf,NO_COPIADO
f4f858a4ad7beffe650050a765cd46d98fb4f1a4d5e3874c32a5b42a204dc46c,31485,2,COPIA,Analisis agosto/para_articulos/resultados/graficos español/figura_06_pca_es.pdf,NO_COPIADO
f4f858a4ad7beffe650050a765cd46d98fb4f1a4d5e3874c32a5b42a204dc46c,31485,2,PRINCIPAL,Analisis agosto/resultados/graficos español/figura_06_pca_es.pdf,NO_COPIADO
b710c1dc7c26736b70a5f0c7c0de75ec4180e8fd0e5d6ebf14e6256a538a7970,34889,2,COPIA,Analisis agosto/para_articulos/resultados/graficos español/figura_07_cambio_semantico_es.pdf,NO_COPIADO
b710c1dc7c26736b70a5f0c7c0de75ec4180e8fd0e5d6ebf14e6256a538a7970,34889,2,PRINCIPAL,Analisis agosto/resultados/graficos español/figura_07_cambio_semantico_es.pdf,NO_COPIADO
085080983efa0c8271fcb6b40d33e634e30ca258c1eaa5e1d058a6cce750164f,7940,2,COPIA,Analisis agosto/para_articulos/resultados/graficos español/figura_08_correlaciones_es.pdf,NO_COPIADO
085080983efa0c8271fcb6b40d33e634e30ca258c1eaa5e1d058a6cce750164f,7940,2,PRINCIPAL,Analisis agosto/resultados/graficos español/figura_08_correlaciones_es.pdf,NO_COPIADO
de30a06a98cb927f02bb7d4450f5c3269596844d112697fb0bdcb144ee1df955,27318,2,COPIA,Analisis agosto/para_articulos/resultados/graficos ingles/figura_02_linguistica_en.pdf,NO_COPIADO
de30a06a98cb927f02bb7d4450f5c3269596844d112697fb0bdcb144ee1df955,27318,2,PRINCIPAL,Analisis agosto/resultados/graficos ingles/figura_02_linguistica_en.pdf,NO_COPIADO
2b6c4491790f600febfb42c8069c988dde928c1a2d858666e8cf2926fef711ec,103267,2,COPIA,Analisis agosto/para_articulos/resultados/graficos ingles/figura_02_linguistica_en.png,NO_COPIADO
2b6c4491790f600febfb42c8069c988dde928c1a2d858666e8cf2926fef711ec,103267,2,PRINCIPAL,Analisis agosto/resultados/graficos ingles/figura_02_linguistica_en.png,NO_COPIADO
a359a160ca1944111c243bf4f4b4ef9193ee7f86343b09a40ee8014480828e47,34205,2,COPIA,Analisis agosto/para_articulos/resultados/graficos ingles/figura_03_hopper_en.pdf,NO_COPIADO
a359a160ca1944111c243bf4f4b4ef9193ee7f86343b09a40ee8014480828e47,34205,2,PRINCIPAL,Analisis agosto/resultados/graficos ingles/figura_03_hopper_en.pdf,NO_COPIADO
400a2d3a586127854168a12e9a64cad19967c62b7955377d1f7b02991eddc3ee,99870,2,COPIA,Analisis agosto/para_articulos/resultados/graficos ingles/figura_03_hopper_en.png,NO_COPIADO
400a2d3a586127854168a12e9a64cad19967c62b7955377d1f7b02991eddc3ee,99870,2,PRINCIPAL,Analisis agosto/resultados/graficos ingles/figura_03_hopper_en.png,NO_COPIADO
8d5a79338edfe9e0c93f694460b5f405ddc88aee3eeae4435f917d10677ea9ca,30936,2,COPIA,Analisis agosto/para_articulos/resultados/graficos ingles/figura_04_similitud_en.pdf,NO_COPIADO
8d5a79338edfe9e0c93f694460b5f405ddc88aee3eeae4435f917d10677ea9ca,30936,2,PRINCIPAL,Analisis agosto/resultados/graficos ingles/figura_04_similitud_en.pdf,NO_COPIADO
3941519ed101ea7ce2fb49f4e6939607e44505031c2b8f8ec89e7be3daf8d7c1,73142,2,COPIA,Analisis agosto/para_articulos/resultados/graficos ingles/figura_04_similitud_en.png,NO_COPIADO
3941519ed101ea7ce2fb49f4e6939607e44505031c2b8f8ec89e7be3daf8d7c1,73142,2,PRINCIPAL,Analisis agosto/resultados/graficos ingles/figura_04_similitud_en.png,NO_COPIADO
6eb8ffe5ce9a67d3a3ee8036726eef2678198553df78e2d15fd1a26639dd42cd,34307,2,COPIA,Analisis agosto/para_articulos/resultados/graficos ingles/figura_05_prototipos_en.pdf,NO_COPIADO
6eb8ffe5ce9a67d3a3ee8036726eef2678198553df78e2d15fd1a26639dd42cd,34307,2,PRINCIPAL,Analisis agosto/resultados/graficos ingles/figura_05_prototipos_en.pdf,NO_COPIADO
28e41ab5c37b963d1a3f0c4ffe96b7dceaaa4674d0327c08a475049ac61fdfa4,115885,2,COPIA,Analisis agosto/para_articulos/resultados/graficos ingles/figura_05_prototipos_en.png,NO_COPIADO
28e41ab5c37b963d1a3f0c4ffe96b7dceaaa4674d0327c08a475049ac61fdfa4,115885,2,PRINCIPAL,Analisis agosto/resultados/graficos ingles/figura_05_prototipos_en.png,NO_COPIADO
f7a159a1dc7af92137b3a5c4b6d0a586ed1fe363a702410f77322fda96fbca55,31243,2,COPIA,Analisis agosto/para_articulos/resultados/graficos ingles/figura_06_pca_en.pdf,NO_COPIADO
f7a159a1dc7af92137b3a5c4b6d0a586ed1fe363a702410f77322fda96fbca55,31243,2,PRINCIPAL,Analisis agosto/resultados/graficos ingles/figura_06_pca_en.pdf,NO_COPIADO
89b2ca3f49b7b5413f4883cd513e3b4693625efeba76c6539ca30a72913811b1,179353,2,COPIA,Analisis agosto/para_articulos/resultados/graficos ingles/figura_06_pca_en.png,NO_COPIADO
89b2ca3f49b7b5413f4883cd513e3b4693625efeba76c6539ca30a72913811b1,179353,2,PRINCIPAL,Analisis agosto/resultados/graficos ingles/figura_06_pca_en.png,NO_COPIADO
0aa4961318c1080e2cc76d531c2879fc7a6c69eb46b32a0c16630ee713c01b64,34844,2,COPIA,Analisis agosto/para_articulos/resultados/graficos ingles/figura_07_cambio_semantico_en.pdf,NO_COPIADO
0aa4961318c1080e2cc76d531c2879fc7a6c69eb46b32a0c16630ee713c01b64,34844,2,PRINCIPAL,Analisis agosto/resultados/graficos ingles/figura_07_cambio_semantico_en.pdf,NO_COPIADO
1a44e7a4009ab9ca228742cb46209f8c6d5d9e63b8db0f8cd87cc0e6199757e1,68597,2,COPIA,Analisis agosto/para_articulos/resultados/graficos ingles/figura_07_cambio_semantico_en.png,NO_COPIADO
1a44e7a4009ab9ca228742cb46209f8c6d5d9e63b8db0f8cd87cc0e6199757e1,68597,2,PRINCIPAL,Analisis agosto/resultados/graficos ingles/figura_07_cambio_semantico_en.png,NO_COPIADO
17afc4334207ac3bc4ea7cb3bc0cf34caf57c3622beb77a8a592f050dd3c935c,7940,2,COPIA,Analisis agosto/para_articulos/resultados/graficos ingles/figura_08_correlaciones_en.pdf,NO_COPIADO
17afc4334207ac3bc4ea7cb3bc0cf34caf57c3622beb77a8a592f050dd3c935c,7940,2,PRINCIPAL,Analisis agosto/resultados/graficos ingles/figura_08_correlaciones_en.pdf,NO_COPIADO
9d615f91fb93a52dad8a863b9ce17ce250b5c466496e4dbbcb2ea7094a6982b5,13329,2,COPIA,Analisis agosto/para_articulos/resultados/graficos ingles/figura_08_correlaciones_en.png,NO_COPIADO
9d615f91fb93a52dad8a863b9ce17ce250b5c466496e4dbbcb2ea7094a6982b5,13329,2,PRINCIPAL,Analisis agosto/resultados/graficos ingles/figura_08_correlaciones_en.png,NO_COPIADO
44d9c826e12004d755f399954b31d9799ac8de441917b90e4bb26cb202ea1a3a,70,2,COPIA,Analisis agosto/para_articulos/resultados/modelos/modelos_mixtos_con_FDR.txt,NO_COPIADO
44d9c826e12004d755f399954b31d9799ac8de441917b90e4bb26cb202ea1a3a,70,2,PRINCIPAL,Analisis agosto/resultados/modelos/modelos_mixtos_con_FDR.txt,NO_COPIADO
a781da40333aa7c7ee0a401ea9ab404f57b0260e876e6555acfbd4c1088b5950,310791,2,PRINCIPAL,Script en R/Experimento ALC.R,04_codigo/Experimento ALC.R
a781da40333aa7c7ee0a401ea9ab404f57b0260e876e6555acfbd4c1088b5950,310791,2,COPIA,Script en R/Experimento ALC.md,NO_COPIADO
