archivo,ruta_en_material_piloto,ruta_original_relativa,categoria,rol_canonico,evidencia_de_clasificacion,contiene_datos_estudio_principal,tamano_bytes,fecha_modificacion_original,sha256_origen,sha256_destino,estado
Vaciado Datos piloto Interrelación.xlsx,01_datos_crudos/Vaciado Datos piloto Interrelación.xlsx,Vaciado Datos piloto Interrelación.xlsx,PILOTO_DATO_CRUDO,archivo de la raíz sin clasificar,"Único vaciado crudo rotulado 'piloto' (Hoja1, encabezado fila 4, P1..P17)",NO,23995,2026-08-18 16:36:51,5e77d8a0f6e34f476576cd0f1ff875a1ce8bcd7ecc6367734e289cd473b9d2a5,5e77d8a0f6e34f476576cd0f1ff875a1ce8bcd7ecc6367734e289cd473b9d2a5,VERIFICADO
piloto_interrelacion_formato_largo.xlsx,01_datos_crudos/piloto_interrelacion_formato_largo.xlsx,piloto_interrelacion_formato_largo.xlsx,PILOTO_DATO_CRUDO,archivo de la raíz sin clasificar,Hoja Datos_Largo: 51 filas = 17 participantes x 3 iteraciones; hoja Diccionario la documenta,NO,16859,2026-08-18 16:41:45,be68f6f6e40b8c34319be697e1a6a1c53a4032dabf3a76d1d7e9918881c0b25d,be68f6f6e40b8c34319be697e1a6a1c53a4032dabf3a76d1d7e9918881c0b25d,VERIFICADO
README_DATOS_PILOTO.txt,02_datos_procesados/datos/README_DATOS_PILOTO.txt,Analisis agosto/analisis_piloto/datos/README_DATOS_PILOTO.txt,PILOTO_DATO_PROCESADO,objeto procesado del piloto (17 participantes),Base procesada del piloto,NO,3982,2026-08-24 21:30:26,217154ae1c5c32dc1a8a420344bfd797a1d9d28d4f7255a9067459cb4ba1dc82,217154ae1c5c32dc1a8a420344bfd797a1d9d28d4f7255a9067459cb4ba1dc82,VERIFICADO
ancho_piloto_completo.csv,02_datos_procesados/datos/ancho_piloto_completo.csv,Analisis agosto/analisis_piloto/datos/ancho_piloto_completo.csv,PILOTO_DATO_PROCESADO,objeto procesado del piloto (17 participantes),Base procesada del piloto,NO,77351,2026-08-24 21:26:42,0f1a77ded2a987b531bab3850472dcc8286412f53f9c6cef155f5aac5b9799d6,0f1a77ded2a987b531bab3850472dcc8286412f53f9c6cef155f5aac5b9799d6,VERIFICADO
ancho_piloto_completo.rds,02_datos_procesados/datos/ancho_piloto_completo.rds,Analisis agosto/analisis_piloto/datos/ancho_piloto_completo.rds,PILOTO_DATO_PROCESADO,objeto procesado del piloto (17 participantes),Base procesada del piloto,NO,13891,2026-08-24 21:26:41,6df82c20ce7d61872349d8b1628dfa1adcbceef1367ca69e472e0551b53c9f2e,6df82c20ce7d61872349d8b1628dfa1adcbceef1367ca69e472e0551b53c9f2e,VERIFICADO
embeddings_piloto_t1.rds,02_datos_procesados/datos/embeddings_piloto_t1.rds,Analisis agosto/analisis_piloto/datos/embeddings_piloto_t1.rds,PILOTO_DATO_PROCESADO,objeto procesado del piloto (17 participantes),Base procesada del piloto,NO,50083,2026-08-24 21:26:39,9f78cbfb82d3c5c686e189d3ae42192ac99d36f167dc65e688d2e32949f05b4d,9f78cbfb82d3c5c686e189d3ae42192ac99d36f167dc65e688d2e32949f05b4d,VERIFICADO
embeddings_piloto_t2.rds,02_datos_procesados/datos/embeddings_piloto_t2.rds,Analisis agosto/analisis_piloto/datos/embeddings_piloto_t2.rds,PILOTO_DATO_PROCESADO,objeto procesado del piloto (17 participantes),Base procesada del piloto,NO,50072,2026-08-24 21:26:40,5906bbdbe8fa002daee6c2a1578d204ddf990465e6f28172134dbce0c131e5ee,5906bbdbe8fa002daee6c2a1578d204ddf990465e6f28172134dbce0c131e5ee,VERIFICADO
embeddings_piloto_t3.rds,02_datos_procesados/datos/embeddings_piloto_t3.rds,Analisis agosto/analisis_piloto/datos/embeddings_piloto_t3.rds,PILOTO_DATO_PROCESADO,objeto procesado del piloto (17 participantes),Base procesada del piloto,NO,50067,2026-08-24 21:26:41,c1636e67ed2c3ac35adbbcfcb6df0c1983a6ccd995710dbad8c9a52f9837663c,c1636e67ed2c3ac35adbbcfcb6df0c1983a6ccd995710dbad8c9a52f9837663c,VERIFICADO
piloto_identificacion.csv,02_datos_procesados/datos/piloto_identificacion.csv,Analisis agosto/analisis_piloto/datos/piloto_identificacion.csv,PILOTO_DATO_PROCESADO,objeto procesado del piloto (17 participantes),Base procesada del piloto,NO,560,2026-08-24 21:26:44,cd369c37e8566929010515f1a3eeb0c5d903b0e25b586b02d214ddc04c5dd3e1,cd369c37e8566929010515f1a3eeb0c5d903b0e25b586b02d214ddc04c5dd3e1,VERIFICADO
piloto_longitudinal.csv,02_datos_procesados/datos/piloto_longitudinal.csv,Analisis agosto/analisis_piloto/datos/piloto_longitudinal.csv,PILOTO_DATO_PROCESADO,objeto procesado del piloto (17 participantes),Base procesada del piloto,NO,2987,2026-08-24 21:10:24,9add1c5d8977f90079309c69bea622d05162e6c8babc5e827851cae4eb85ff09,9add1c5d8977f90079309c69bea622d05162e6c8babc5e827851cae4eb85ff09,VERIFICADO
piloto_metricas_linguisticas.csv,02_datos_procesados/datos/piloto_metricas_linguisticas.csv,Analisis agosto/analisis_piloto/datos/piloto_metricas_linguisticas.csv,PILOTO_DATO_PROCESADO,objeto procesado del piloto (17 participantes),Base procesada del piloto,NO,695,2026-08-24 21:26:46,34ee24e29d7890250657dd8abc3957106d11f0c3cda2d81887b5e4900a413493,34ee24e29d7890250657dd8abc3957106d11f0c3cda2d81887b5e4900a413493,VERIFICADO
principal_longitudinal.csv,02_datos_procesados/datos/principal_longitudinal.csv,Analisis agosto/analisis_piloto/datos/principal_longitudinal.csv,PILOTO_DATO_PROCESADO,objeto procesado del piloto (17 participantes),Base procesada del piloto,SI,4200,2026-08-24 21:10:25,930f3a7304c2cf0095686f9d55ac4df9ade9b1a0e8a6b2badcde3d41387d04f6,930f3a7304c2cf0095686f9d55ac4df9ade9b1a0e8a6b2badcde3d41387d04f6,VERIFICADO
README_objetos_piloto.txt,02_datos_procesados/datos_piloto_extra/README_objetos_piloto.txt,Analisis agosto/analisis_piloto/datos_piloto_extra/README_objetos_piloto.txt,PILOTO_DATO_PROCESADO,reporte de ejecución del análisis del piloto,Extracción de objetos del piloto (17 filas),NO,890,2026-08-24 21:13:30,7ffae46881c98b5877e7e1e7d7b4678da96513ae0c0cfeb289c0dd7ac01985ac,7ffae46881c98b5877e7e1e7d7b4678da96513ae0c0cfeb289c0dd7ac01985ac,VERIFICADO
ancho_piloto_completo.csv,02_datos_procesados/datos_piloto_extra/ancho_piloto_completo.csv,Analisis agosto/analisis_piloto/datos_piloto_extra/ancho_piloto_completo.csv,PILOTO_DATO_PROCESADO,objeto procesado del piloto (17 participantes),Extracción de objetos del piloto (17 filas),NO,40191,2026-08-24 21:13:21,e6f6a4cb81ec9b5432df6f47fcdf3a228ec4b07ea04372a11a639c9e8fa14915,e6f6a4cb81ec9b5432df6f47fcdf3a228ec4b07ea04372a11a639c9e8fa14915,VERIFICADO
ancho_piloto_completo.rds,02_datos_procesados/datos_piloto_extra/ancho_piloto_completo.rds,Analisis agosto/analisis_piloto/datos_piloto_extra/ancho_piloto_completo.rds,PILOTO_DATO_PROCESADO,objeto procesado del piloto (17 participantes),Extracción de objetos del piloto (17 filas),NO,9024,2026-08-24 21:13:21,57cd439e8e951d7efb87b8c8066b533ccf3e5388667fe5bf8853a8cc17613540,57cd439e8e951d7efb87b8c8066b533ccf3e5388667fe5bf8853a8cc17613540,VERIFICADO
ancho_piloto_prototipos.csv,02_datos_procesados/datos_piloto_extra/ancho_piloto_prototipos.csv,Analisis agosto/analisis_piloto/datos_piloto_extra/ancho_piloto_prototipos.csv,PILOTO_DATO_PROCESADO,objeto procesado del piloto (17 participantes),Extracción de objetos del piloto (17 filas),NO,1342,2026-08-24 21:13:17,1ce43dd85d2b67110d2a6239ffd2ac3922f1e031254e7f4af8ce4454f712fe23,1ce43dd85d2b67110d2a6239ffd2ac3922f1e031254e7f4af8ce4454f712fe23,VERIFICADO
ancho_piloto_prototipos.rds,02_datos_procesados/datos_piloto_extra/ancho_piloto_prototipos.rds,Analisis agosto/analisis_piloto/datos_piloto_extra/ancho_piloto_prototipos.rds,PILOTO_DATO_PROCESADO,objeto procesado del piloto (17 participantes),Extracción de objetos del piloto (17 filas),NO,486,2026-08-24 21:13:17,0e63329dbca5daf070d017238db56ec499992b3e205db5b2eca1fd0f1fd21467,0e63329dbca5daf070d017238db56ec499992b3e205db5b2eca1fd0f1fd21467,VERIFICADO
ancho_piloto_semantica.csv,02_datos_procesados/datos_piloto_extra/ancho_piloto_semantica.csv,Analisis agosto/analisis_piloto/datos_piloto_extra/ancho_piloto_semantica.csv,PILOTO_DATO_PROCESADO,objeto procesado del piloto (17 participantes),Extracción de objetos del piloto (17 filas),NO,218,2026-08-24 21:13:20,8fcfe3181a083d286b6f54d4ea890726bc64a93e4a366502fe134c0622f9edc5,8fcfe3181a083d286b6f54d4ea890726bc64a93e4a366502fe134c0622f9edc5,VERIFICADO
ancho_piloto_semantica.rds,02_datos_procesados/datos_piloto_extra/ancho_piloto_semantica.rds,Analisis agosto/analisis_piloto/datos_piloto_extra/ancho_piloto_semantica.rds,PILOTO_DATO_PROCESADO,objeto procesado del piloto (17 participantes),Extracción de objetos del piloto (17 filas),NO,215,2026-08-24 21:13:20,5ac3ae1620d3a8f9ceb570474347cb33c5816dd36356cab9eed3aedbd0e5cb0a,5ac3ae1620d3a8f9ceb570474347cb33c5816dd36356cab9eed3aedbd0e5cb0a,VERIFICADO
emb_piloto_t1.rds,02_datos_procesados/datos_piloto_extra/emb_piloto_t1.rds,Analisis agosto/analisis_piloto/datos_piloto_extra/emb_piloto_t1.rds,PILOTO_DATO_PROCESADO,objeto procesado del piloto (17 participantes),Extracción de objetos del piloto (17 filas),NO,73,2026-08-24 21:13:12,9a067c2f139c790b3eb85860549a7f37385b3a85fa4a0b2f89ab01de84b093c3,9a067c2f139c790b3eb85860549a7f37385b3a85fa4a0b2f89ab01de84b093c3,VERIFICADO
emb_piloto_t2.rds,02_datos_procesados/datos_piloto_extra/emb_piloto_t2.rds,Analisis agosto/analisis_piloto/datos_piloto_extra/emb_piloto_t2.rds,PILOTO_DATO_PROCESADO,objeto procesado del piloto (17 participantes),Extracción de objetos del piloto (17 filas),NO,73,2026-08-24 21:13:14,9a067c2f139c790b3eb85860549a7f37385b3a85fa4a0b2f89ab01de84b093c3,9a067c2f139c790b3eb85860549a7f37385b3a85fa4a0b2f89ab01de84b093c3,VERIFICADO
emb_piloto_t3.rds,02_datos_procesados/datos_piloto_extra/emb_piloto_t3.rds,Analisis agosto/analisis_piloto/datos_piloto_extra/emb_piloto_t3.rds,PILOTO_DATO_PROCESADO,objeto procesado del piloto (17 participantes),Extracción de objetos del piloto (17 filas),NO,73,2026-08-24 21:13:15,9a067c2f139c790b3eb85860549a7f37385b3a85fa4a0b2f89ab01de84b093c3,9a067c2f139c790b3eb85860549a7f37385b3a85fa4a0b2f89ab01de84b093c3,VERIFICADO
README_ANALISIS_PILOTO.txt,03_resultados/README_ANALISIS_PILOTO.txt,Analisis agosto/analisis_piloto/README_ANALISIS_PILOTO.txt,PILOTO_DOC,reporte de ejecución del análisis del piloto,Reporte de ejecución: modelos del piloto y del principal,SI,2145,2026-08-24 21:10:39,f25f84d4327e7f72e13c2b09ec2bff23b9ea12592ed1046f682035239b75d1c7,f25f84d4327e7f72e13c2b09ec2bff23b9ea12592ed1046f682035239b75d1c7,VERIFICADO
piloto_n_palabras_calculado_diagnosticos.csv,03_resultados/diagnosticos/piloto_n_palabras_calculado_diagnosticos.csv,Analisis agosto/analisis_piloto/diagnosticos/piloto_n_palabras_calculado_diagnosticos.csv,PILOTO_DIAGNOSTICO,diagnóstico del modelo del piloto,Diagnóstico del modelo del piloto (51 obs),NO,2110,2026-08-24 21:09:58,ca0dbee142f04bb4f6ad5e1e1fe7d11698171e3740735e1d174fcbcc8a2763b1,ca0dbee142f04bb4f6ad5e1e1fe7d11698171e3740735e1d174fcbcc8a2763b1,VERIFICADO
piloto_n_palabras_calculado_performance.txt,03_resultados/diagnosticos/piloto_n_palabras_calculado_performance.txt,Analisis agosto/analisis_piloto/diagnosticos/piloto_n_palabras_calculado_performance.txt,PILOTO_DIAGNOSTICO,diagnóstico del modelo del piloto,Diagnóstico del modelo del piloto (51 obs),NO,71393,2026-08-24 22:11:51,08806d20094fa85c33ddcef05c81f314db087f6d2a7db5073de9180b36370a35,08806d20094fa85c33ddcef05c81f314db087f6d2a7db5073de9180b36370a35,VERIFICADO
COMPARACION_n_palabras_calculado_ES.pdf,03_resultados/figuras_comparativas/COMPARACION_n_palabras_calculado_ES.pdf,Analisis agosto/analisis_piloto/graficas_es/COMPARACION_n_palabras_calculado_ES.pdf,PILOTO_FIGURA,"documento de estudio, resultados o resumen",Figura comparativa piloto vs principal,SI,32580,2026-08-24 21:10:11,23c0568b0d89630400dfaf43caf643236a5e50be5f8c83fa92aa27be0fc3d952,23c0568b0d89630400dfaf43caf643236a5e50be5f8c83fa92aa27be0fc3d952,VERIFICADO
COMPARACION_n_palabras_calculado_ES.png,03_resultados/figuras_comparativas/COMPARACION_n_palabras_calculado_ES.png,Analisis agosto/analisis_piloto/graficas_es/COMPARACION_n_palabras_calculado_ES.png,PILOTO_FIGURA,figura comparativa piloto vs principal,Figura comparativa piloto vs principal,SI,340551,2026-08-24 21:10:09,a8c48a07faed63177ae9bccc7f2161ac02c8b109c8911f594c98f3cea4c02633,a8c48a07faed63177ae9bccc7f2161ac02c8b109c8911f594c98f3cea4c02633,VERIFICADO
COMPARISON_n_palabras_calculado_EN.pdf,03_resultados/figuras_comparativas/COMPARISON_n_palabras_calculado_EN.pdf,Analisis agosto/analisis_piloto/figures_en/COMPARISON_n_palabras_calculado_EN.pdf,PILOTO_FIGURA,"documento de estudio, resultados o resumen",Figura comparativa piloto vs principal,SI,33986,2026-08-24 21:10:13,0bf2ecd59c1a0cee67d8b0f4906bd3d22a4b169c5fc3030e60a33bce86039b2a,0bf2ecd59c1a0cee67d8b0f4906bd3d22a4b169c5fc3030e60a33bce86039b2a,VERIFICADO
COMPARISON_n_palabras_calculado_EN.png,03_resultados/figuras_comparativas/COMPARISON_n_palabras_calculado_EN.png,Analisis agosto/analisis_piloto/figures_en/COMPARISON_n_palabras_calculado_EN.png,PILOTO_FIGURA,figura comparativa piloto vs principal,Figura comparativa piloto vs principal,SI,340464,2026-08-24 21:10:13,0fa2ac9ffc1aa6a3ac4e03943c027d608ba1e72543622eaa6e2e8560ec5fd33b,0fa2ac9ffc1aa6a3ac4e03943c027d608ba1e72543622eaa6e2e8560ec5fd33b,VERIFICADO
PILOTO_n_palabras_calculado_ES_distribucion.pdf,03_resultados/figuras_piloto/PILOTO_n_palabras_calculado_ES_distribucion.pdf,Analisis agosto/analisis_piloto/graficas_es/PILOTO_n_palabras_calculado_ES_distribucion.pdf,PILOTO_FIGURA,"documento de estudio, resultados o resumen",Figura generada del piloto,NO,29396,2026-08-24 21:07:12,fa200491d969656fe600003e117122a1b94ba65343e1594c1402afe14dbf3245,fa200491d969656fe600003e117122a1b94ba65343e1594c1402afe14dbf3245,VERIFICADO
PILOTO_n_palabras_calculado_ES_distribucion.png,03_resultados/figuras_piloto/PILOTO_n_palabras_calculado_ES_distribucion.png,Analisis agosto/analisis_piloto/graficas_es/PILOTO_n_palabras_calculado_ES_distribucion.png,PILOTO_FIGURA,figura del piloto,Figura generada del piloto,NO,193143,2026-08-24 21:07:12,f7e8a00c4ee7c8d99fb1736292d6d9dcd9acac89a0a40e3faa26168d7f543f2b,f7e8a00c4ee7c8d99fb1736292d6d9dcd9acac89a0a40e3faa26168d7f543f2b,VERIFICADO
PILOTO_n_palabras_calculado_ES_individuales.pdf,03_resultados/figuras_piloto/PILOTO_n_palabras_calculado_ES_individuales.pdf,Analisis agosto/analisis_piloto/graficas_es/PILOTO_n_palabras_calculado_ES_individuales.pdf,PILOTO_FIGURA,"documento de estudio, resultados o resumen",Figura generada del piloto,NO,29600,2026-08-24 21:07:09,f88f0e03459361fa35685beb33254875bdefb0d1a21ad51e375d740ead942351,f88f0e03459361fa35685beb33254875bdefb0d1a21ad51e375d740ead942351,VERIFICADO
PILOTO_n_palabras_calculado_ES_individuales.png,03_resultados/figuras_piloto/PILOTO_n_palabras_calculado_ES_individuales.png,Analisis agosto/analisis_piloto/graficas_es/PILOTO_n_palabras_calculado_ES_individuales.png,PILOTO_FIGURA,figura del piloto,Figura generada del piloto,NO,449872,2026-08-24 21:07:09,9f3de29262235bdca128f177d22d2a674d5e3e36d5c2eb93d39fef4b97f508fe,9f3de29262235bdca128f177d22d2a674d5e3e36d5c2eb93d39fef4b97f508fe,VERIFICADO
PILOTO_n_palabras_calculado_ES_trayectoria.pdf,03_resultados/figuras_piloto/PILOTO_n_palabras_calculado_ES_trayectoria.pdf,Analisis agosto/analisis_piloto/graficas_es/PILOTO_n_palabras_calculado_ES_trayectoria.pdf,PILOTO_FIGURA,"documento de estudio, resultados o resumen",Figura generada del piloto,NO,32025,2026-08-24 21:07:08,52df314a8a9afede2210f086ca0c4abb080852ef549d491e895030e752e8306e,52df314a8a9afede2210f086ca0c4abb080852ef549d491e895030e752e8306e,VERIFICADO
PILOTO_n_palabras_calculado_ES_trayectoria.png,03_resultados/figuras_piloto/PILOTO_n_palabras_calculado_ES_trayectoria.png,Analisis agosto/analisis_piloto/graficas_es/PILOTO_n_palabras_calculado_ES_trayectoria.png,PILOTO_FIGURA,figura del piloto,Figura generada del piloto,NO,244294,2026-08-24 21:07:07,30c125b1e139a14ec4bfa3afac42bff391cade12d7d4ed251743952ccbcf53e0,30c125b1e139a14ec4bfa3afac42bff391cade12d7d4ed251743952ccbcf53e0,VERIFICADO
PILOT_n_palabras_calculado_EN_distribucion.pdf,03_resultados/figuras_piloto/PILOT_n_palabras_calculado_EN_distribucion.pdf,Analisis agosto/analisis_piloto/figures_en/PILOT_n_palabras_calculado_EN_distribucion.pdf,PILOTO_FIGURA,"documento de estudio, resultados o resumen",Figura generada del piloto,NO,29204,2026-08-24 21:07:18,29b7b7ea12664b21d4eb6b86bd8ccb42bc6d40f5b8ba5b27dda0bf585905bce3,29b7b7ea12664b21d4eb6b86bd8ccb42bc6d40f5b8ba5b27dda0bf585905bce3,VERIFICADO
PILOT_n_palabras_calculado_EN_distribucion.png,03_resultados/figuras_piloto/PILOT_n_palabras_calculado_EN_distribucion.png,Analisis agosto/analisis_piloto/figures_en/PILOT_n_palabras_calculado_EN_distribucion.png,PILOTO_FIGURA,figura del piloto,Figura generada del piloto,NO,187106,2026-08-24 21:07:18,c1811aa383d13ab0b0a485b45b29642551a6ce2eda46e2d1910827f736bb5408,c1811aa383d13ab0b0a485b45b29642551a6ce2eda46e2d1910827f736bb5408,VERIFICADO
PILOT_n_palabras_calculado_EN_individuales.pdf,03_resultados/figuras_piloto/PILOT_n_palabras_calculado_EN_individuales.pdf,Analisis agosto/analisis_piloto/figures_en/PILOT_n_palabras_calculado_EN_individuales.pdf,PILOTO_FIGURA,"documento de estudio, resultados o resumen",Figura generada del piloto,NO,29938,2026-08-24 21:07:16,9e34af7321f84855085fd7d2b87e6e7009c282274d1f7823899125f90a349740,9e34af7321f84855085fd7d2b87e6e7009c282274d1f7823899125f90a349740,VERIFICADO
PILOT_n_palabras_calculado_EN_individuales.png,03_resultados/figuras_piloto/PILOT_n_palabras_calculado_EN_individuales.png,Analisis agosto/analisis_piloto/figures_en/PILOT_n_palabras_calculado_EN_individuales.png,PILOTO_FIGURA,figura del piloto,Figura generada del piloto,NO,447506,2026-08-24 21:07:16,1d81ccffcb5d06904891d3e94b002274508e79bc23f2ed9897fb9f6282e62d3c,1d81ccffcb5d06904891d3e94b002274508e79bc23f2ed9897fb9f6282e62d3c,VERIFICADO
PILOT_n_palabras_calculado_EN_trayectoria.pdf,03_resultados/figuras_piloto/PILOT_n_palabras_calculado_EN_trayectoria.pdf,Analisis agosto/analisis_piloto/figures_en/PILOT_n_palabras_calculado_EN_trayectoria.pdf,PILOTO_FIGURA,"documento de estudio, resultados o resumen",Figura generada del piloto,NO,33788,2026-08-24 21:07:14,db655ed47a33118f050de07f7f14a5a9b88db20c75ed407d9acc134eb4400af5,db655ed47a33118f050de07f7f14a5a9b88db20c75ed407d9acc134eb4400af5,VERIFICADO
PILOT_n_palabras_calculado_EN_trayectoria.png,03_resultados/figuras_piloto/PILOT_n_palabras_calculado_EN_trayectoria.png,Analisis agosto/analisis_piloto/figures_en/PILOT_n_palabras_calculado_EN_trayectoria.png,PILOTO_FIGURA,figura del piloto,Figura generada del piloto,NO,246709,2026-08-24 21:07:14,15f3ad4ca85c82421dd1d4e52f99ef1806d16ab8cae360f59438c5f3aef225b2,15f3ad4ca85c82421dd1d4e52f99ef1806d16ab8cae360f59438c5f3aef225b2,VERIFICADO
modelos_comparativos.rds,03_resultados/modelos_comparativos/modelos_comparativos.rds,Analisis agosto/analisis_piloto/modelos/modelos_comparativos.rds,PILOTO_MODELO,modelo mixto que incluye la cohorte principal,Objeto de modelo mixto lme4,SI,103077,2026-08-24 21:10:19,0141c5756e6c26a9cf9a996685e7c4efa99355fec0fca3c6fe8b9bef903b5c50,0141c5756e6c26a9cf9a996685e7c4efa99355fec0fca3c6fe8b9bef903b5c50,VERIFICADO
modelos_principal.rds,03_resultados/modelos_comparativos/modelos_principal.rds,Analisis agosto/analisis_piloto/modelos/modelos_principal.rds,PILOTO_MODELO,modelo mixto que incluye la cohorte principal,Objeto de modelo mixto lme4,SI,117415,2026-08-24 21:10:18,25a3ae0adf29cf581084d0774e13eb4aa25366157dbc324dba8aaa0f1aebc062,25a3ae0adf29cf581084d0774e13eb4aa25366157dbc324dba8aaa0f1aebc062,VERIFICADO
modelos_piloto.rds,03_resultados/modelos_piloto/modelos_piloto.rds,Analisis agosto/analisis_piloto/modelos/modelos_piloto.rds,PILOTO_MODELO,modelo mixto del piloto,Objeto de modelo mixto lme4,NO,113390,2026-08-24 21:10:16,3807307857365fc1008480e0dc929841ecd196a2630976c1f78bb1e74ed67192,3807307857365fc1008480e0dc929841ecd196a2630976c1f78bb1e74ed67192,VERIFICADO
auditoria_principal.csv,03_resultados/tablas_comparativas/auditoria_principal.csv,Analisis agosto/analisis_piloto/tablas/auditoria_principal.csv,PILOTO_COMPARATIVO,tabla que incluye la cohorte principal,Tabla comparativa: incluye la cohorte principal,SI,299,2026-08-24 21:03:29,8483a2540f3a49c5a0691154066c1eda6256803ab2c946c632bc958bca9fdebd,8483a2540f3a49c5a0691154066c1eda6256803ab2c946c632bc958bca9fdebd,VERIFICADO
comparacion_n_palabras_calculado_ANOVA.csv,03_resultados/tablas_comparativas/comparacion_n_palabras_calculado_ANOVA.csv,Analisis agosto/analisis_piloto/tablas/comparacion_n_palabras_calculado_ANOVA.csv,PILOTO_COMPARATIVO,tabla que incluye la cohorte principal,Tabla comparativa: incluye la cohorte principal,SI,815,2026-08-24 21:10:07,7c6d9f8fd179c0bbcb604c16ebc17586f84848364fc492efc9fd676cc106e3c5,7c6d9f8fd179c0bbcb604c16ebc17586f84848364fc492efc9fd676cc106e3c5,VERIFICADO
comparacion_n_palabras_calculado_EMM.csv,03_resultados/tablas_comparativas/comparacion_n_palabras_calculado_EMM.csv,Analisis agosto/analisis_piloto/tablas/comparacion_n_palabras_calculado_EMM.csv,PILOTO_COMPARATIVO,tabla que incluye la cohorte principal,Tabla comparativa: incluye la cohorte principal,SI,2031,2026-08-24 21:10:07,1990b83c64b1984e4abf561da7760b2b1a05ba02990600790eb458bbb2f49e1f,1990b83c64b1984e4abf561da7760b2b1a05ba02990600790eb458bbb2f49e1f,VERIFICADO
descriptivos_condicion_tiempo.csv,03_resultados/tablas_comparativas/descriptivos_condicion_tiempo.csv,Analisis agosto/analisis_piloto/tablas/descriptivos_condicion_tiempo.csv,PILOTO_COMPARATIVO,tabla que incluye la cohorte principal,Tabla comparativa: incluye la cohorte principal,SI,2926,2026-08-24 21:03:33,77bdebc7ada8458dbf09a5860eb53f88eb81eaf0979ff054b34d5e4f7bb2fe0e,77bdebc7ada8458dbf09a5860eb53f88eb81eaf0979ff054b34d5e4f7bb2fe0e,VERIFICADO
interaccion_fuente_tiempo.csv,03_resultados/tablas_comparativas/interaccion_fuente_tiempo.csv,Analisis agosto/analisis_piloto/tablas/interaccion_fuente_tiempo.csv,PILOTO_COMPARATIVO,tabla que incluye la cohorte principal,Tabla comparativa: incluye la cohorte principal,SI,156,2026-08-24 21:10:07,7eac205535002ff6878bd159dfbf7b02343cd51ea8f059ecbb4441d390d7d424,7eac205535002ff6878bd159dfbf7b02343cd51ea8f059ecbb4441d390d7d424,VERIFICADO
principal_modelos_excluidos.csv,03_resultados/tablas_comparativas/principal_modelos_excluidos.csv,Analisis agosto/analisis_piloto/tablas/principal_modelos_excluidos.csv,PILOTO_COMPARATIVO,tabla que incluye la cohorte principal,Tabla comparativa: incluye la cohorte principal,SI,23,2026-08-24 21:06:55,acedba0731dd05019218726113357a91e281edea7f995802b082aeaa0b298b10,acedba0731dd05019218726113357a91e281edea7f995802b082aeaa0b298b10,VERIFICADO
resumen_modelos_validos.csv,03_resultados/tablas_comparativas/resumen_modelos_validos.csv,Analisis agosto/analisis_piloto/tablas/resumen_modelos_validos.csv,PILOTO_COMPARATIVO,tabla que incluye la cohorte principal,Tabla comparativa: incluye la cohorte principal,SI,893,2026-08-24 21:06:53,c699891d0d8721e4c3ea48af9b80bc9efb75bb7eb7c837d0754b7c6eb1e13d31,c699891d0d8721e4c3ea48af9b80bc9efb75bb7eb7c837d0754b7c6eb1e13d31,VERIFICADO
variables_comunes.csv,03_resultados/tablas_comparativas/variables_comunes.csv,Analisis agosto/analisis_piloto/tablas/variables_comunes.csv,PILOTO_COMPARATIVO,tabla que incluye la cohorte principal,Tabla comparativa: incluye la cohorte principal,SI,53,2026-08-24 20:51:09,1429aea44fac7c3a64cafc84613d7e20b0731a7023446ab30e8d71bc6ed15a29,1429aea44fac7c3a64cafc84613d7e20b0731a7023446ab30e8d71bc6ed15a29,VERIFICADO
auditoria_piloto.csv,03_resultados/tablas_piloto/auditoria_piloto.csv,Analisis agosto/analisis_piloto/tablas/auditoria_piloto.csv,PILOTO_TABLA,tabla del piloto,Tabla con resultados exclusivos del piloto,NO,330,2026-08-24 21:03:28,35f17c77df8b245c53db44243499b009ed577f01e50901f289a669b9b2fb20d8,35f17c77df8b245c53db44243499b009ed577f01e50901f289a669b9b2fb20d8,VERIFICADO
piloto_modelos_excluidos.csv,03_resultados/tablas_piloto/piloto_modelos_excluidos.csv,Analisis agosto/analisis_piloto/tablas/piloto_modelos_excluidos.csv,PILOTO_TABLA,tabla del piloto,Tabla con resultados exclusivos del piloto,NO,23,2026-08-24 21:06:54,acedba0731dd05019218726113357a91e281edea7f995802b082aeaa0b298b10,acedba0731dd05019218726113357a91e281edea7f995802b082aeaa0b298b10,VERIFICADO
piloto_n_palabras_calculado_EMM.csv,03_resultados/tablas_piloto/piloto_n_palabras_calculado_EMM.csv,Analisis agosto/analisis_piloto/tablas/piloto_n_palabras_calculado_EMM.csv,PILOTO_TABLA,tabla del piloto,Tabla con resultados exclusivos del piloto,NO,965,2026-08-24 21:06:56,6b7bca8cbdd2def5614fd28ee7ab40ac50e36c81dc50c5fa1a12c2b140007b2d,6b7bca8cbdd2def5614fd28ee7ab40ac50e36c81dc50c5fa1a12c2b140007b2d,VERIFICADO
piloto_n_palabras_calculado_contrastes_cond.csv,03_resultados/tablas_piloto/piloto_n_palabras_calculado_contrastes_cond.csv,Analisis agosto/analisis_piloto/tablas/piloto_n_palabras_calculado_contrastes_cond.csv,PILOTO_TABLA,tabla del piloto,Tabla con resultados exclusivos del piloto,NO,1055,2026-08-24 21:06:56,66ded6059f2fe0eea81ffd61f337f442fe95f21801580855caa72f1c75de3f08,66ded6059f2fe0eea81ffd61f337f442fe95f21801580855caa72f1c75de3f08,VERIFICADO
piloto_n_palabras_calculado_contrastes_tiempo.csv,03_resultados/tablas_piloto/piloto_n_palabras_calculado_contrastes_tiempo.csv,Analisis agosto/analisis_piloto/tablas/piloto_n_palabras_calculado_contrastes_tiempo.csv,PILOTO_TABLA,tabla del piloto,Tabla con resultados exclusivos del piloto,NO,892,2026-08-24 21:06:57,22692dabb50ed6dcc1f21cdf81c9f065ec4e66e5d40d413e47c3e8c802678d79,22692dabb50ed6dcc1f21cdf81c9f065ec4e66e5d40d413e47c3e8c802678d79,VERIFICADO
Experimento ALC.R,04_codigo/Experimento ALC.R,Script en R/Experimento ALC.R,CODIGO,script principal del pipeline NLP (junio/agosto 2026),Script del pipeline NLP completo (piloto + principal),SI,310791,2026-08-25 20:45:55,a781da40333aa7c7ee0a401ea9ab404f57b0260e876e6555acfbd4c1088b5950,a781da40333aa7c7ee0a401ea9ab404f57b0260e876e6555acfbd4c1088b5950,VERIFICADO
auditoria_rds.R,04_codigo/auditoria_rds.R,auditoria_rds.R,CODIGO,sonda de auditoría de objetos .rds,Sonda de auditoría estructural de .rds,NO,1227,2026-09-07 10:36:33,14204c39efc2a8f0da1cd3784d65d75a8ca4ccfd1efa8b37fd7f5f6b3f3f49d6,14204c39efc2a8f0da1cd3784d65d75a8ca4ccfd1efa8b37fd7f5f6b3f3f49d6,VERIFICADO
experimento_log_Analisis_agosto.txt,05_auditoria/origen/experimento_log_Analisis_agosto.txt,Analisis agosto/experimento_log.txt,PILOTO_DOC,log de la corrida del 24 de agosto (incluye el piloto),Log del 2026-08-24: importación de piloto y principal,SI,2012,2026-08-24 20:36:06,cea664416a24b8310e6902b411a72207ba307cbc3628ec5ccfbfdb5d935ec948,cea664416a24b8310e6902b411a72207ba307cbc3628ec5ccfbfdb5d935ec948,VERIFICADO
