"variable","scale"
"dim_1",0.0328144991088141
"dim_2",0.0356784632933748
"dim_3",0.0332118952944793
"dim_4",0.0335829942413421
"dim_5",0.0326980941179669
"dim_6",0.0326771080855168
"dim_7",0.0408538493076042
"dim_8",0.0286977764807819
"dim_9",0.0317158511448345
"dim_10",0.0313583243616745
"dim_11",0.0311893297797644
"dim_12",0.0341276197777955
"dim_13",0.0273664368537373
"dim_14",0.0301005683249883
"dim_15",0.0554060871253448
"dim_16",0.0304954146431782
"dim_17",0.0430025441377523
"dim_18",0.0269411585326124
"dim_19",0.0365353835679754
"dim_20",0.0362932091593999
"dim_21",0.0361388466637411
"dim_22",0.0325039143289938
"dim_23",0.0513234219979491
"dim_24",0.0385716730151947
"dim_25",0.0425164083312208
"dim_26",0.0342244701314779
"dim_27",0.0361918708961536
"dim_28",0.0295918760662223
"dim_29",0.0282262773634464
"dim_30",0.0367848958851247
"dim_31",0.0295080243624296
"dim_32",0.0414953258906692
"dim_33",0.0390122158255767
"dim_34",0.0397260966699727
"dim_35",0.0383809470644544
"dim_36",0.0293198044052157
"dim_37",0.0292088047735699
"dim_38",0.0298109181924411
"dim_39",0.0299258382201074
"dim_40",0.0307606635557694
"dim_41",0.0255946715930008
"dim_42",0.0308933923490841
"dim_43",0.0289769398258617
"dim_44",0.0313927582582404
"dim_45",0.0320337490161978
"dim_46",0.0228598496614398
"dim_47",0.0369696018208861
"dim_48",0.0239950017645337
"dim_49",0.0295767144572481
"dim_50",0.0367704922278031
"dim_51",0.0388182119952639
"dim_52",0.0303317681051839
"dim_53",0.0302832375735839
"dim_54",0.0362700112413421
"dim_55",0.0297777443425196
"dim_56",0.0372211879564636
"dim_57",0.0451557342712807
"dim_58",0.0356647561262267
"dim_59",0.0332805777812474
"dim_60",0.0297242111526737
"dim_61",0.0329056151439938
"dim_62",0.0338880201409203
"dim_63",0.0306561535196408
"dim_64",0.0247155377349315
"dim_65",0.0375233548384304
"dim_66",0.0446300525463322
"dim_67",0.024419932783603
"dim_68",0.0378561081520047
"dim_69",0.0379125252745955
"dim_70",0.0399492575460191
"dim_71",0.0319795110865137
"dim_72",0.0281572696125807
"dim_73",0.0334342979346816
"dim_74",0.0353828699401572
"dim_75",0.0374440661091613
"dim_76",0.0400181083746575
"dim_77",0.0323706516943192
"dim_78",0.0308537735336894
"dim_79",0.0373232037671926
"dim_80",0.0393543293674048
"dim_81",0.0309573645472935
"dim_82",0.0431974791740612
"dim_83",0.032706400933264
"dim_84",0.0333615794655957
"dim_85",0.0291487036555927
"dim_86",0.0260195312999597
"dim_87",0.0275299688047662
"dim_88",0.0380977137714978
"dim_89",0.039396037138054
"dim_90",0.0342535682231488
"dim_91",0.0426383955422128
"dim_92",0.0543002255659601
"dim_93",0.034338403631213
"dim_94",0.0259643963163103
"dim_95",0.035126095757296
"dim_96",0.0386138866853993
"dim_97",0.0319939675069946
"dim_98",0.0333244418235955
"dim_99",0.0393221902511607
"dim_100",0.0386636672267508
"dim_101",0.0349793440338321
"dim_102",0.0328107202582894
"dim_103",0.0397865587896193
"dim_104",0.0362517517417277
"dim_105",0.0278481487114304
"dim_106",0.032460533878064
"dim_107",0.0410497085512288
"dim_108",0.0349415467324092
"dim_109",0.038093230022142
"dim_110",0.0293037703053209
"dim_111",0.0346529604269109
"dim_112",0.0280244062468468
"dim_113",0.0365337546964575
"dim_114",0.0258292802446653
"dim_115",0.029726897631794
"dim_116",0.0327318758416002
"dim_117",0.0295145510184696
"dim_118",0.0344840671351605
"dim_119",0.0512392428308368
"dim_120",0.0472582121979567
"dim_121",0.0313885120993068
"dim_122",0.0293664068896034
"dim_123",0.0272446407156377
"dim_124",0.0279979269988041
"dim_125",0.035704497250323
"dim_126",0.0361622816849375
"dim_127",0.0297958762792736
"dim_128",0.0348953224064374
"dim_129",0.0326790372924897
"dim_130",0.0282615392298243
"dim_131",0.0331358277534898
"dim_132",0.0314113646021524
"dim_133",0.0353738275685808
"dim_134",0.0307521197552734
"dim_135",0.0311806103407185
"dim_136",0.0356191287071203
"dim_137",0.0416757417804861
"dim_138",0.0376220684908435
"dim_139",0.0335758047983517
"dim_140",0.0488388382561612
"dim_141",0.0458815683683301
"dim_142",0.0383622909688284
"dim_143",0.051031709323241
"dim_144",0.0400664024585729
"dim_145",0.0406609862408287
"dim_146",0.0308253554506146
"dim_147",0.03823609306794
"dim_148",0.0370549914651865
"dim_149",0.0356761189289078
"dim_150",0.0427938165625448
"dim_151",0.026571619386529
"dim_152",0.0281033553757261
"dim_153",0.0451840386465076
"dim_154",0.0437100864846612
"dim_155",0.0237711192038699
"dim_156",0.0325165433845395
"dim_157",0.0387617472914884
"dim_158",0.0322853820542919
"dim_159",0.044362619003558
"dim_160",0.0400507652335497
"dim_161",0.0500218600817343
"dim_162",0.0270114370095372
"dim_163",0.0392961345894456
"dim_164",0.0284537742042464
"dim_165",0.0348131802093173
"dim_166",0.0346196903567959
"dim_167",0.0364938040957034
"dim_168",0.0336515495157196
"dim_169",0.0376459578189731
"dim_170",0.0266391228552375
"dim_171",0.0346697944874436
"dim_172",0.0293521510756218
"dim_173",0.0391096021824996
"dim_174",0.0322376533694252
"dim_175",0.0303185848393406
"dim_176",0.0317501350763951
"dim_177",0.0483862788512251
"dim_178",0.0313092440861373
"dim_179",0.0318089326480004
"dim_180",0.0287992645137758
"dim_181",0.0583770868653339
"dim_182",0.0294200434806884
"dim_183",0.0362162623878223
"dim_184",0.0352373461706435
"dim_185",0.0290460854166164
"dim_186",0.0277180755327758
"dim_187",0.0429525913738116
"dim_188",0.0314040614753129
"dim_189",0.0290438441276542
"dim_190",0.0361525363252377
"dim_191",0.0375951586536776
"dim_192",0.0307711341710433
"dim_193",0.03379809778594
"dim_194",0.0333865729796082
"dim_195",0.0375148436751419
"dim_196",0.0324519561645469
"dim_197",0.0371399745354056
"dim_198",0.0375811672568232
"dim_199",0.0430143336967313
"dim_200",0.0305871841815034
"dim_201",0.0400240154978867
"dim_202",0.0368225351382388
"dim_203",0.0370944185001177
"dim_204",0.0263824211963039
"dim_205",0.0272574028514455
"dim_206",0.0401056765291641
"dim_207",0.0365846767724429
"dim_208",0.0351160694805751
"dim_209",0.0395897766012297
"dim_210",0.0307276443798901
"dim_211",0.0235099179055851
"dim_212",0.0402875913431375
"dim_213",0.0403502855016366
"dim_214",0.0260186968190537
"dim_215",0.0280877460039769
"dim_216",0.0394061650242892
"dim_217",0.0370928235202157
"dim_218",0.0403524133900152
"dim_219",0.0350675615632075
"dim_220",0.0254351179496792
"dim_221",0.0400795267089827
"dim_222",0.0416151951866804
"dim_223",0.0377388891559467
"dim_224",0.0293089707865057
"dim_225",0.0448349136222356
"dim_226",0.0277959503003789
"dim_227",0.0378616992491701
"dim_228",0.0303850760031521
"dim_229",0.0303152995652404
"dim_230",0.0336172344209711
"dim_231",0.038950954872047
"dim_232",0.0451900842707031
"dim_233",0.0314578547444124
"dim_234",0.036350285327322
"dim_235",0.044442680517552
"dim_236",0.0340828954138156
"dim_237",0.0497295110505871
"dim_238",0.0268921682048151
"dim_239",0.0345529023696705
"dim_240",0.0329026104411154
"dim_241",0.031041325325609
"dim_242",0.0416338494320439
"dim_243",0.0334439759170818
"dim_244",0.0407234915393722
"dim_245",0.0386211905410757
"dim_246",0.0322105852832079
"dim_247",0.033663488056908
"dim_248",0.0377648821179412
"dim_249",0.0238023190627109
"dim_250",0.0307926147182221
"dim_251",0.0350142224878943
"dim_252",0.0339921046898493
"dim_253",0.0452917324657872
"dim_254",0.0366110035962398
"dim_255",0.0371919570113816
"dim_256",0.0341527079323423
"dim_257",0.038059513244038
"dim_258",0.0392157273284303
"dim_259",0.0274771275322405
"dim_260",0.0368870558104294
"dim_261",0.048434749365621
"dim_262",0.0411608531275177
"dim_263",0.0301108019374994
"dim_264",0.0407831662105376
"dim_265",0.0364988288113685
"dim_266",0.0366007614981623
"dim_267",0.0320947345678965
"dim_268",0.0325748559628439
"dim_269",0.030364331857102
"dim_270",0.0444117266485895
"dim_271",0.043234861393963
"dim_272",0.0370011475717478
"dim_273",0.0431394284373397
"dim_274",0.0297001335932533
"dim_275",0.0471850706651194
"dim_276",0.0284641535421889
"dim_277",0.0287873833682654
"dim_278",0.0346662376347277
"dim_279",0.0310787827365724
"dim_280",0.0342767424667228
"dim_281",0.0365254265424964
"dim_282",0.0348048951332952
"dim_283",0.0460446763809962
"dim_284",0.0374060854269511
"dim_285",0.0403552547626662
"dim_286",0.040210272726386
"dim_287",0.0365413254107599
"dim_288",0.0516389351534645
"dim_289",0.0345215913523401
"dim_290",0.031620048968661
"dim_291",0.0344486060257031
"dim_292",0.0375486560857344
"dim_293",0.0445484093618913
"dim_294",0.0289047677771684
"dim_295",0.0310324029843967
"dim_296",0.0433682145795999
"dim_297",0.0396718986975933
"dim_298",0.0403800621223211
"dim_299",0.0368409591378011
"dim_300",0.037535753734939
"dim_301",0.0431411335101883
"dim_302",0.0366317016569964
"dim_303",0.0314894993334936
"dim_304",0.0364558055408064
"dim_305",0.0353759201570679
"dim_306",0.0416275420908378
"dim_307",0.0315477546142908
"dim_308",0.0309450027413767
"dim_309",0.03757313158702
"dim_310",0.0342960355829109
"dim_311",0.0398506346839137
"dim_312",0.0274285696587585
"dim_313",0.0305972467359026
"dim_314",0.0240390265065351
"dim_315",0.0333205084527865
"dim_316",0.0323384408609777
"dim_317",0.0446235441515992
"dim_318",0.0307169408494091
"dim_319",0.0242026320060492
"dim_320",0.0298875106784722
"dim_321",0.0316609041964818
"dim_322",0.0366384014236247
"dim_323",0.0393171293399366
"dim_324",0.0421276174590143
"dim_325",0.0340727238289979
"dim_326",0.0335896498929619
"dim_327",0.0380728107398723
"dim_328",0.0420125460282899
"dim_329",0.0352492555743093
"dim_330",0.0514493545614801
"dim_331",0.0289396243026919
"dim_332",0.031163523025951
"dim_333",0.0300906882266099
"dim_334",0.0319411163869076
"dim_335",0.0341160257463969
"dim_336",0.0313617733633425
"dim_337",0.0278145218813605
"dim_338",0.0338381061788805
"dim_339",0.0239335873841487
"dim_340",0.0369780553699692
"dim_341",0.0417820185954865
"dim_342",0.0339958731483659
"dim_343",0.0326626617112288
"dim_344",0.0423372785316005
"dim_345",0.0279784489424118
"dim_346",0.0350949851656855
"dim_347",0.0307055741832035
"dim_348",0.0432318947226826
"dim_349",0.0355913544859768
"dim_350",0.0330008508909641
"dim_351",0.0292687840074247
"dim_352",0.0295137528951484
"dim_353",0.0303257400648063
"dim_354",0.0250402712605973
"dim_355",0.0361780540019334
"dim_356",0.0384709302671138
"dim_357",0.0443794751458245
"dim_358",0.0380030889272927
"dim_359",0.0397237004644084
"dim_360",0.0304623468972228
"dim_361",0.0429335877754747
"dim_362",0.0417470071658547
"dim_363",0.0322557078685121
"dim_364",0.0255076630647902
"dim_365",0.0392670514705178
"dim_366",0.0311316589341913
"dim_367",0.0448067776695657
"dim_368",0.0315809702398867
"dim_369",0.028956812910685
"dim_370",0.0366929678679807
"dim_371",0.0264137264385401
"dim_372",0.0294351029536658
"dim_373",0.0327133086369005
"dim_374",0.0329140327101871
"dim_375",0.0352750159382422
"dim_376",0.0421750907675303
"dim_377",0.0336940137778632
"dim_378",0.0489089176589673
"dim_379",0.0334035851010038
"dim_380",0.026345916581827
"dim_381",0.0375087038213629
"dim_382",0.0385413929126456
"dim_383",0.0329886685762968
"dim_384",0.0302523373042228
