dimension,center
1,0.0694059173942135
2,-0.0081848450088348
3,0.0031880579918867
4,0.0867520137162056
5,0.0525229320458089
6,-0.0273283434285442
7,0.0725590546801314
8,0.0173312388665421
9,0.0468911447218592
10,0.0010253545671809
11,0.0500572163888157
12,0.0352995179456293
13,0.0132838482314748
14,-0.0123852542385877
15,0.0380756456136599
16,0.0314085255085205
17,-0.0019228073891393
18,0.0143936159072589
19,-0.0551967955291832
20,0.0519359931549986
21,-0.0530114888165675
22,-0.0208382804715714
23,-0.0369576334240604
24,0.0153746084876431
25,0.0056772375602644
26,0.0031875160165783
27,0.0091115457492192
28,-0.023510514358496
29,-0.0750834999278351
30,-0.0029836924671852
31,-0.000808918438017
32,-0.029234968259854
33,0.0042626777767852
34,0.0393464069216062
35,0.0162667644129592
36,0.0497950772165825
37,0.000580084649431
38,0.0402459882210041
39,-0.0136891831256879
40,-0.0425229829097213
41,-0.038409630122074
42,0.0203362562352071
43,0.0213025660120899
44,0.01138943663857
45,-0.0617368468254729
46,-0.0197048528743619
47,-0.009855423720229
48,0.0033514679874801
49,0.0382017414461801
50,-0.103903057494277
51,-0.0160918046652025
52,0.0035880766302508
53,-0.0415331543003854
54,-0.0253615380150944
55,-0.0001586861622881
56,-0.0091982873925554
57,0.0033545114065113
58,0.0115733194611694
59,-0.0086801301489123
60,0.0342760739807428
61,0.0199365511052118
62,-0.017998569426052
63,-0.0146479600811772
64,0.0025953746983351
65,0.0555116915998891
66,0.0155447075088444
67,-0.0173948219470621
68,-0.0329923633887955
69,-0.0114889908695715
70,-0.0403328096345538
71,0.072730516409214
72,0.0532368907077962
73,-0.0347236522879808
74,0.0112578237309072
75,0.0830926036343755
76,-0.0208610557711793
77,0.0135964893006711
78,0.0097564881848094
79,0.0368070363334453
80,0.042291024219696
81,0.0102239364685958
82,0.0478057568339399
83,-0.0334339898993098
84,-0.0083651360186361
85,-0.0923196391194086
86,-0.0180067300386845
87,-0.0064562424835149
88,0.0264237808339846
89,-0.0282260581796758
90,-0.0258333623862419
91,-0.0582869759420566
92,0.0326795738799884
93,0.0096283175551963
94,0.0105093500082491
95,0.016495975746003
96,-0.0358096103961943
97,-0.0171152835258883
98,0.0162999558298383
99,-0.0235948312318644
100,0.0653292526888754
101,0.0615862474455717
102,0.0715838644234553
103,0.0490158831574166
104,0.0325118235790599
105,0.0752221463611946
106,0.0142565991354834
107,0.0477953283652733
108,-0.0733381924414214
109,-0.0460971087529669
110,-0.0260114081021263
111,-0.0480386089438103
112,-0.0213522935842295
113,-0.0103475066860858
114,0.0047695230022665
115,-0.0150513681504721
116,-0.045303960469917
117,0.0043359793015744
118,0.0400245417752512
119,0.0009970583451575
120,0.0820553395051018
121,-0.0220602137426263
122,-0.0225160715497514
123,0.0042164495724986
124,0.0113732239170225
125,0.0373439759882951
126,-0.0784569334878903
127,0.00227136184582
128,0.0067379346140359
129,0.0203127083893481
130,0.033531403693074
131,-0.0073073775325865
132,0.0287822152349243
133,0.0662514429455906
134,-0.0176986010005523
135,-0.0057772812757588
136,0.0203014712443096
137,0.0273863199007688
138,0.0265663490578327
139,0.0456591538764634
140,-0.0047646109962477
141,0.0084718442912294
142,0.0547800663527848
143,0.0078416451234833
144,0.0492268847985412
145,-0.0339174791453649
146,-0.005897935259545
147,-0.001097618318328
148,0.0321128470637681
149,-0.0184051068880351
150,0.0012397803641997
151,0.0190058131345029
152,-0.0260185540030403
153,-0.0001785019745397
154,-0.0078507582953037
155,0.0011731719768504
156,-0.0051057125715479
157,-0.0211171204948198
158,0.0088020273153394
159,-0.0738343654653507
160,0.0346972093249931
161,0.0190284080952135
162,0.0407185897894585
163,-0.0372210774316091
164,-0.0079341998901495
165,-0.0097414172480279
166,0.0291543717976461
167,-0.0527176361114175
168,-0.0213983940397426
169,-0.0250292742373529
170,-0.0201980201398682
171,0.0268430031271217
172,-0.0110643118554319
173,0.0023838741697891
174,0.0092796572803934
175,0.0182081620994097
176,-0.0148383915449465
177,-0.0850038369307108
178,0.0733549705392346
179,-0.0374601254475276
180,-0.021686544123496
181,0.006204849608488
182,0.0032917597795084
183,-0.0756734811175861
184,0.0149442015433038
185,-0.0213422974067848
186,0.0039338051943166
187,0.0141336014321138
188,-0.0201903566193402
189,0.030832773644252
190,-0.0529271712060895
191,-0.0257381256760838
192,-0.0220831826573328
193,0.0419648939217887
194,0.0147558432501396
195,-0.039326263550133
196,-0.0049769850367692
197,0.0437827025460138
198,0.0202688992095051
199,0.003383265293992
200,0.0475961702607417
201,-0.0924296736170677
202,0.0010065598623915
203,0.0411774005160763
204,-0.0068167344451006
205,0.0158004048550588
206,-0.0321399554078247
207,0.0178472310241744
208,-0.0143739224448921
209,0.0615601773343233
210,0.0005539372925402
211,0.0030874598546046
212,0.0489020278503786
213,-0.0124882096402996
214,-0.0110703129862952
215,0.0159953837157868
216,0.0283835942238701
217,-0.0753631897968671
218,0.0894995005835446
219,0.0118556861887399
220,0.0306724078561442
221,0.0418962346634067
222,-0.110582137844981
223,-0.0204611037387719
224,-0.0559960026631493
225,-0.0041922500859028
226,-0.036865469725549
227,-0.0004336856258112
228,-0.0351492814675863
229,-0.005495540417961
230,-0.0157669623561632
231,-0.011787713630852
232,-0.0034419720470656
233,-0.0303552262276731
234,0.0528601747497779
235,-0.0696424044262796
236,-0.0485504927963701
237,0.0595706033205374
238,0.0170662596066588
239,-0.0172715771486306
240,0.0203670904997407
241,-0.0194752110059041
242,-0.0547941816940707
243,0.00583818169708
244,0.0267229187156971
245,-0.0382215346563038
246,0.0191643301216646
247,-0.0309540786552103
248,-0.0297962084069728
249,0.0265103942291104
250,0.0392756061437846
251,0.0606444660601425
252,-0.0393980728926515
253,-0.0458853055179183
254,-0.0131945720547852
255,-0.0750285755713381
256,0.0264227826683148
257,-0.0056553472311217
258,-0.0188182424891038
259,0.0259920163879215
260,0.0127851273088471
261,-0.0647571745375013
262,-0.0009129832190188
263,-0.05218563677519
264,-0.0025581244553071
265,-0.0324078751866054
266,0.0241029856453236
267,-0.0495025587113164
268,-0.0294472681039551
269,0.0189695548585088
270,0.001477316691751
271,-0.017432680554487
272,-0.0146414719892919
273,0.0214799137949776
274,0.0268078488965241
275,-0.0218804722144294
276,-0.0093029506240903
277,0.0180108202448841
278,-0.0090651828833003
279,0.0127348685665418
280,-0.0278062930845844
281,-0.0415845708585031
282,0.0001000438502622
283,0.0318112306502285
284,0.0332184861489041
285,0.0210381934258636
286,-0.0133214483788199
287,-0.0201141488227914
288,0.0501018924111483
289,0.0578609649381937
290,-0.0104866890338618
291,-0.0741177978590056
292,0.0715046340815489
293,-0.0333149392665587
294,0.0143304856651911
295,-0.0101057163109614
296,-0.0428706349058428
297,-0.0233752020392157
298,0.0104873448505537
299,0.0186921217546779
300,0.0748038874990601
301,0.0413432130763482
302,-0.0459226976482709
303,-0.0334376253281825
304,-0.0400332754090613
305,0.0054893336948243
306,-0.0572454613116679
307,0.0113325682415816
308,0.0109187981248232
309,0.0068497805257734
310,-0.0370837053683371
311,-0.0397238792467286
312,0.0040515446453491
313,-0.0093505875933919
314,0.0507201435913225
315,0.0276779536038329
316,0.0107391760633983
317,-0.0463867953187301
318,0.0071078044202026
319,-0.0015077335203309
320,-0.0808077143856342
321,-0.0380675431958092
322,-0.0223887964595543
323,-0.020310333514785
324,0.000416661159415
325,0.0332027568371595
326,-0.0405903161212734
327,0.0758429726276795
328,-0.048720732143168
329,-0.0803271209396949
330,0.0568396742997819
331,-0.0933011654298886
332,-0.0282252420278337
333,0.002369605393937
334,-0.003603705765213
335,0.001380578937531
336,0.0499445876692439
337,-0.0272550222552928
338,-0.0211105969322228
339,-0.029723162128504
340,0.0511296497138673
341,0.0788344032934381
342,-0.0182298566623326
343,-0.0050194645925807
344,0.0405673626075168
345,-0.0025167231227718
346,0.0011059707842849
347,-0.03040517443924
348,-0.0399398791989751
349,-0.0362271735035949
350,-0.0035900556937658
351,0.0116732017937842
352,0.0486419178116141
353,-0.0286749162916851
354,0.0013325526526444
355,-0.0027794948440048
356,0.0151034980300182
357,0.0422211362152141
358,-0.0049845163166284
359,-0.0167863788317486
360,-0.0373983754923673
361,-0.0255276806951609
362,-0.0049927572733286
363,0.0270892141820011
364,0.0694685865662019
365,0.0059437194185814
366,0.0053104508030734
367,0.0257504711991957
368,-0.0048957465430411
369,-0.0591072038846825
370,-0.00682386129276
371,0.0387272859719029
372,-0.0100788915122942
373,0.0129856713321295
374,0.01198759003222
375,0.0157103550867874
376,-0.0089314833189773
377,0.0226791604014154
378,0.0821215873984406
379,-0.0597144308082988
380,0.0080555613100568
381,0.0439442032907974
382,0.0771632163107622
383,-0.0471949219715106
384,0.0141904776868507
