dimension,scale
1,0.0328144991088141
2,0.0356784632933748
3,0.0332118952944793
4,0.0335829942413421
5,0.0326980941179669
6,0.0326771080855168
7,0.0408538493076042
8,0.0286977764807819
9,0.0317158511448345
10,0.0313583243616745
11,0.0311893297797644
12,0.0341276197777955
13,0.0273664368537373
14,0.0301005683249883
15,0.0554060871253448
16,0.0304954146431782
17,0.0430025441377523
18,0.0269411585326124
19,0.0365353835679754
20,0.0362932091593999
21,0.0361388466637411
22,0.0325039143289938
23,0.0513234219979491
24,0.0385716730151947
25,0.0425164083312208
26,0.0342244701314779
27,0.0361918708961536
28,0.0295918760662223
29,0.0282262773634464
30,0.0367848958851247
31,0.0295080243624296
32,0.0414953258906692
33,0.0390122158255767
34,0.0397260966699727
35,0.0383809470644544
36,0.0293198044052157
37,0.0292088047735699
38,0.0298109181924411
39,0.0299258382201074
40,0.0307606635557694
41,0.0255946715930008
42,0.0308933923490841
43,0.0289769398258617
44,0.0313927582582404
45,0.0320337490161978
46,0.0228598496614398
47,0.0369696018208861
48,0.0239950017645337
49,0.0295767144572481
50,0.0367704922278031
51,0.0388182119952639
52,0.0303317681051839
53,0.0302832375735839
54,0.0362700112413421
55,0.0297777443425196
56,0.0372211879564636
57,0.0451557342712807
58,0.0356647561262267
59,0.0332805777812474
60,0.0297242111526737
61,0.0329056151439938
62,0.0338880201409203
63,0.0306561535196408
64,0.0247155377349315
65,0.0375233548384304
66,0.0446300525463322
67,0.024419932783603
68,0.0378561081520047
69,0.0379125252745955
70,0.0399492575460191
71,0.0319795110865137
72,0.0281572696125807
73,0.0334342979346816
74,0.0353828699401572
75,0.0374440661091613
76,0.0400181083746575
77,0.0323706516943192
78,0.0308537735336894
79,0.0373232037671926
80,0.0393543293674048
81,0.0309573645472935
82,0.0431974791740612
83,0.032706400933264
84,0.0333615794655957
85,0.0291487036555927
86,0.0260195312999597
87,0.0275299688047662
88,0.0380977137714978
89,0.039396037138054
90,0.0342535682231488
91,0.0426383955422128
92,0.0543002255659601
93,0.034338403631213
94,0.0259643963163103
95,0.035126095757296
96,0.0386138866853993
97,0.0319939675069946
98,0.0333244418235955
99,0.0393221902511607
100,0.0386636672267508
101,0.0349793440338321
102,0.0328107202582894
103,0.0397865587896193
104,0.0362517517417277
105,0.0278481487114304
106,0.032460533878064
107,0.0410497085512288
108,0.0349415467324092
109,0.038093230022142
110,0.0293037703053209
111,0.0346529604269109
112,0.0280244062468468
113,0.0365337546964575
114,0.0258292802446653
115,0.029726897631794
116,0.0327318758416002
117,0.0295145510184696
118,0.0344840671351605
119,0.0512392428308368
120,0.0472582121979567
121,0.0313885120993068
122,0.0293664068896034
123,0.0272446407156377
124,0.0279979269988041
125,0.035704497250323
126,0.0361622816849375
127,0.0297958762792736
128,0.0348953224064374
129,0.0326790372924897
130,0.0282615392298243
131,0.0331358277534898
132,0.0314113646021524
133,0.0353738275685808
134,0.0307521197552734
135,0.0311806103407185
136,0.0356191287071203
137,0.0416757417804861
138,0.0376220684908435
139,0.0335758047983517
140,0.0488388382561612
141,0.0458815683683301
142,0.0383622909688284
143,0.051031709323241
144,0.0400664024585729
145,0.0406609862408287
146,0.0308253554506146
147,0.03823609306794
148,0.0370549914651865
149,0.0356761189289078
150,0.0427938165625448
151,0.026571619386529
152,0.0281033553757261
153,0.0451840386465076
154,0.0437100864846612
155,0.0237711192038699
156,0.0325165433845395
157,0.0387617472914884
158,0.0322853820542919
159,0.044362619003558
160,0.0400507652335497
161,0.0500218600817343
162,0.0270114370095372
163,0.0392961345894456
164,0.0284537742042464
165,0.0348131802093173
166,0.0346196903567959
167,0.0364938040957034
168,0.0336515495157196
169,0.0376459578189731
170,0.0266391228552375
171,0.0346697944874436
172,0.0293521510756218
173,0.0391096021824996
174,0.0322376533694252
175,0.0303185848393406
176,0.0317501350763951
177,0.0483862788512251
178,0.0313092440861373
179,0.0318089326480004
180,0.0287992645137758
181,0.0583770868653339
182,0.0294200434806884
183,0.0362162623878223
184,0.0352373461706435
185,0.0290460854166164
186,0.0277180755327758
187,0.0429525913738116
188,0.0314040614753129
189,0.0290438441276542
190,0.0361525363252377
191,0.0375951586536776
192,0.0307711341710433
193,0.03379809778594
194,0.0333865729796082
195,0.0375148436751419
196,0.0324519561645469
197,0.0371399745354056
198,0.0375811672568232
199,0.0430143336967313
200,0.0305871841815034
201,0.0400240154978867
202,0.0368225351382388
203,0.0370944185001177
204,0.0263824211963039
205,0.0272574028514455
206,0.0401056765291641
207,0.0365846767724429
208,0.0351160694805751
209,0.0395897766012297
210,0.0307276443798901
211,0.0235099179055851
212,0.0402875913431375
213,0.0403502855016366
214,0.0260186968190537
215,0.0280877460039769
216,0.0394061650242892
217,0.0370928235202157
218,0.0403524133900152
219,0.0350675615632075
220,0.0254351179496792
221,0.0400795267089827
222,0.0416151951866804
223,0.0377388891559467
224,0.0293089707865057
225,0.0448349136222356
226,0.0277959503003789
227,0.0378616992491701
228,0.0303850760031521
229,0.0303152995652404
230,0.0336172344209711
231,0.038950954872047
232,0.0451900842707031
233,0.0314578547444124
234,0.036350285327322
235,0.044442680517552
236,0.0340828954138156
237,0.0497295110505871
238,0.0268921682048151
239,0.0345529023696705
240,0.0329026104411154
241,0.031041325325609
242,0.0416338494320439
243,0.0334439759170818
244,0.0407234915393722
245,0.0386211905410757
246,0.0322105852832079
247,0.033663488056908
248,0.0377648821179412
249,0.0238023190627109
250,0.0307926147182221
251,0.0350142224878943
252,0.0339921046898493
253,0.0452917324657872
254,0.0366110035962398
255,0.0371919570113816
256,0.0341527079323423
257,0.038059513244038
258,0.0392157273284303
259,0.0274771275322405
260,0.0368870558104294
261,0.048434749365621
262,0.0411608531275177
263,0.0301108019374994
264,0.0407831662105376
265,0.0364988288113685
266,0.0366007614981623
267,0.0320947345678965
268,0.0325748559628439
269,0.030364331857102
270,0.0444117266485895
271,0.043234861393963
272,0.0370011475717478
273,0.0431394284373397
274,0.0297001335932533
275,0.0471850706651194
276,0.0284641535421889
277,0.0287873833682654
278,0.0346662376347277
279,0.0310787827365724
280,0.0342767424667228
281,0.0365254265424964
282,0.0348048951332952
283,0.0460446763809962
284,0.0374060854269511
285,0.0403552547626662
286,0.040210272726386
287,0.0365413254107599
288,0.0516389351534645
289,0.0345215913523401
290,0.031620048968661
291,0.0344486060257031
292,0.0375486560857344
293,0.0445484093618913
294,0.0289047677771684
295,0.0310324029843967
296,0.0433682145795999
297,0.0396718986975933
298,0.0403800621223211
299,0.0368409591378011
300,0.037535753734939
301,0.0431411335101883
302,0.0366317016569964
303,0.0314894993334936
304,0.0364558055408064
305,0.0353759201570679
306,0.0416275420908378
307,0.0315477546142908
308,0.0309450027413767
309,0.03757313158702
310,0.0342960355829109
311,0.0398506346839137
312,0.0274285696587585
313,0.0305972467359026
314,0.0240390265065351
315,0.0333205084527865
316,0.0323384408609777
317,0.0446235441515992
318,0.0307169408494091
319,0.0242026320060492
320,0.0298875106784722
321,0.0316609041964818
322,0.0366384014236247
323,0.0393171293399366
324,0.0421276174590143
325,0.0340727238289979
326,0.0335896498929619
327,0.0380728107398723
328,0.0420125460282899
329,0.0352492555743093
330,0.0514493545614801
331,0.0289396243026919
332,0.031163523025951
333,0.0300906882266099
334,0.0319411163869076
335,0.0341160257463969
336,0.0313617733633425
337,0.0278145218813605
338,0.0338381061788805
339,0.0239335873841487
340,0.0369780553699692
341,0.0417820185954865
342,0.0339958731483659
343,0.0326626617112288
344,0.0423372785316005
345,0.0279784489424118
346,0.0350949851656855
347,0.0307055741832035
348,0.0432318947226826
349,0.0355913544859768
350,0.0330008508909641
351,0.0292687840074247
352,0.0295137528951484
353,0.0303257400648063
354,0.0250402712605973
355,0.0361780540019334
356,0.0384709302671138
357,0.0443794751458245
358,0.0380030889272927
359,0.0397237004644084
360,0.0304623468972228
361,0.0429335877754747
362,0.0417470071658547
363,0.0322557078685121
364,0.0255076630647902
365,0.0392670514705178
366,0.0311316589341913
367,0.0448067776695657
368,0.0315809702398867
369,0.028956812910685
370,0.0366929678679807
371,0.0264137264385401
372,0.0294351029536658
373,0.0327133086369005
374,0.0329140327101871
375,0.0352750159382422
376,0.0421750907675303
377,0.0336940137778632
378,0.0489089176589673
379,0.0334035851010038
380,0.026345916581827
381,0.0375087038213629
382,0.0385413929126456
383,0.0329886685762968
384,0.0302523373042228
